cluster_id,prior_cluster_id,source_id,source_type,statement,active_row_count,active_company_count,active_prior_expire_candidate_count,new_or_unclassified_active_row_count,companies,row_ids,recommended_action
active_fanout_0001,fanout_0001,youtube_transcript:asx-daily-rundown-atlassian-lifts-tech-a2-milk-recall-shock-accent-group-all-time-lows:88e960386e503796,youtube_transcript,PETTIMED's capital raising at 1 cent per share,67,50,63,4,A2 MILK|A2M|ACCENT GROUP|ASX|ATLASSIAN|AXEN GROUP|BHP|BRAIN CHIP|C79|CLAR|CLARITY|CLT|COH|END|ENDEAVOR GROUP|ENDV|GCM|GCM CORPORATION|GCMC|IMPEDIMED|IMRO|INDE|KEY|KEY PETROLEUM|KEYP|LION|LION TOWN|LIVN|LON|MAR|MARINO|MARINO AND CO|NAB|PENINSULA|PET|PETT|PETTIMED|SKT|SN|SNW|STK|STRICKLAND METALS|TXT|VCE|VERITUS|WBC|WES|WIN|WIN MEDALS|XTX,636|637|638|639|640|641|642|643|644|645|646|647|648|649|650|651|652|653|654|655|656|657|658|659|660|661|662|1065|1066|1067|1068|1069|1070|1071|1072|1073|1074|1075|1076|1077|1078|1079|1776|1777|1778|1779|1780|1781|1782|1783|1784|1785|1786|1787|1788|1789|1790|1791|1792|1793|1794|1795|1796|1797|1798|1799|1800,operator_review_then_status_expire_prior_candidates_only
active_fanout_0002,fanout_0002,youtube_transcript:asx-daily-rundown-atlassian-lifts-tech-a2-milk-recall-shock-accent-group-all-time-lows:88e960386e503796,youtube_transcript,A2 MILK's share price dropped 10% due to a product recall,50,50,48,2,A2 MILK|A2M|ACCENT GROUP|ASX|ATLASSIAN|AXEN GROUP|BHP|BRAIN CHIP|C79|CLAR|CLARITY|CLT|COH|END|ENDEAVOR GROUP|ENDV|GCM|GCM CORPORATION|GCMC|IMPEDIMED|IMRO|INDE|KEY|KEY PETROLEUM|KEYP|LION|LION TOWN|LIVN|LON|MAR|MARINO|MARINO AND CO|NAB|PENINSULA|PET|PETT|PETTIMED|SKT|SN|SNW|STK|STRICKLAND METALS|TXT|VCE|VERITUS|WBC|WES|WIN|WIN MEDALS|XTX,258|259|260|261|262|263|264|265|266|267|268|269|270|271|272|273|274|275|276|277|278|279|280|281|282|283|284|811|812|813|814|815|816|817|818|819|820|821|822|823|824|825|1697|1698|1699|1700|1701|1702|1703|1704,operator_review_then_status_expire_prior_candidates_only
active_fanout_0003,fanout_0003,youtube_transcript:asx-daily-rundown-atlassian-lifts-tech-a2-milk-recall-shock-accent-group-all-time-lows:88e960386e503796,youtube_transcript,A2 MILK's share price has dropped from almost $10 back to $6.59 in a few months,50,50,48,2,A2 MILK|A2M|ACCENT GROUP|ASX|ATLASSIAN|AXEN GROUP|BHP|BRAIN CHIP|C79|CLAR|CLARITY|CLT|COH|END|ENDEAVOR GROUP|ENDV|GCM|GCM CORPORATION|GCMC|IMPEDIMED|IMRO|INDE|KEY|KEY PETROLEUM|KEYP|LION|LION TOWN|LIVN|LON|MAR|MARINO|MARINO AND CO|NAB|PENINSULA|PET|PETT|PETTIMED|SKT|SN|SNW|STK|STRICKLAND METALS|TXT|VCE|VERITUS|WBC|WES|WIN|WIN MEDALS|XTX,285|286|287|288|289|290|291|292|293|294|295|296|297|298|299|300|301|302|303|304|305|306|307|308|309|310|311|826|827|828|829|830|831|832|833|834|835|836|837|838|839|840|1705|1706|1707|1708|1709|1710|1711|1712,operator_review_then_status_expire_prior_candidates_only
active_fanout_0004,fanout_0004,youtube_transcript:asx-daily-rundown-atlassian-lifts-tech-a2-milk-recall-shock-accent-group-all-time-lows:88e960386e503796,youtube_transcript,ACCENT GROUP's downgrade announcement,50,50,49,1,A2 MILK|A2M|ACCENT GROUP|ASX|ATLASSIAN|AXEN GROUP|BHP|BRAIN CHIP|C79|CLAR|CLARITY|CLT|COH|END|ENDEAVOR GROUP|ENDV|GCM|GCM CORPORATION|GCMC|IMPEDIMED|IMRO|INDE|KEY|KEY PETROLEUM|KEYP|LION|LION TOWN|LIVN|LON|MAR|MARINO|MARINO AND CO|NAB|PENINSULA|PET|PETT|PETTIMED|SKT|SN|SNW|STK|STRICKLAND METALS|TXT|VCE|VERITUS|WBC|WES|WIN|WIN MEDALS|XTX,528|529|530|531|532|533|534|535|536|537|538|539|540|541|542|543|544|545|546|547|548|549|550|551|552|553|554|983|984|985|986|987|988|989|990|991|992|993|994|995|996|997|1859|1860|1861|1862|1863|1864|1865|1866,operator_review_then_status_expire_prior_candidates_only
active_fanout_0005,fanout_0005,youtube_transcript:asx-daily-rundown-atlassian-lifts-tech-a2-milk-recall-shock-accent-group-all-time-lows:88e960386e503796,youtube_transcript,ACCENT GROUP's EBIT for the second half has been decreased by $7 million,50,50,49,1,A2 MILK|A2M|ACCENT GROUP|ASX|ATLASSIAN|AXEN GROUP|BHP|BRAIN CHIP|C79|CLAR|CLARITY|CLT|COH|END|ENDEAVOR GROUP|ENDV|GCM|GCM CORPORATION|GCMC|IMPEDIMED|IMRO|INDE|KEY|KEY PETROLEUM|KEYP|LION|LION TOWN|LIVN|LON|MAR|MARINO|MARINO AND CO|NAB|PENINSULA|PET|PETT|PETTIMED|SKT|SN|SNW|STK|STRICKLAND METALS|TXT|VCE|VERITUS|WBC|WES|WIN|WIN MEDALS|XTX,366|367|368|369|370|371|372|373|374|375|376|377|378|379|380|381|382|383|384|385|386|387|388|389|390|391|392|871|872|873|874|875|876|877|878|879|880|881|882|883|884|885|1729|1730|1731|1732|1733|1734|1735|1736,operator_review_then_status_expire_prior_candidates_only
active_fanout_0006,fanout_0006,youtube_transcript:asx-daily-rundown-atlassian-lifts-tech-a2-milk-recall-shock-accent-group-all-time-lows:88e960386e503796,youtube_transcript,ACCENT GROUP's share price is down 12.9% after a downgrade announcement,50,50,49,1,A2 MILK|A2M|ACCENT GROUP|ASX|ATLASSIAN|AXEN GROUP|BHP|BRAIN CHIP|C79|CLAR|CLARITY|CLT|COH|END|ENDEAVOR GROUP|ENDV|GCM|GCM CORPORATION|GCMC|IMPEDIMED|IMRO|INDE|KEY|KEY PETROLEUM|KEYP|LION|LION TOWN|LIVN|LON|MAR|MARINO|MARINO AND CO|NAB|PENINSULA|PET|PETT|PETTIMED|SKT|SN|SNW|STK|STRICKLAND METALS|TXT|VCE|VERITUS|WBC|WES|WIN|WIN MEDALS|XTX,339|340|341|342|343|344|345|346|347|348|349|350|351|352|353|354|355|356|357|358|359|360|361|362|363|364|365|856|857|858|859|860|861|862|863|864|865|866|867|868|869|870|1721|1722|1723|1724|1725|1726|1727|1728,operator_review_then_status_expire_prior_candidates_only
active_fanout_0007,fanout_0008,youtube_transcript:asx-daily-rundown-atlassian-lifts-tech-a2-milk-recall-shock-accent-group-all-time-lows:88e960386e503796,youtube_transcript,Chrysos Corporation's share price fell 6.39% despite a positive trading update,50,50,46,4,A2 MILK|A2M|ACCENT GROUP|ASX|ATLASSIAN|AXEN GROUP|BHP|BRAIN CHIP|C79|CLAR|CLARITY|CLT|COH|END|ENDEAVOR GROUP|ENDV|GCM|GCM CORPORATION|GCMC|IMPEDIMED|IMRO|INDE|KEY|KEY PETROLEUM|KEYP|LION|LION TOWN|LIVN|LON|MAR|MARINO|MARINO AND CO|NAB|PENINSULA|PET|PETT|PETTIMED|SKT|SN|SNW|STK|STRICKLAND METALS|TXT|VCE|VERITUS|WBC|WES|WIN|WIN MEDALS|XTX,231|232|233|234|235|236|237|238|239|240|241|242|243|244|245|246|247|248|249|250|251|252|253|254|255|256|257|796|797|798|799|800|801|802|803|804|805|806|807|808|809|810|1689|1690|1691|1692|1693|1694|1695|1696,operator_review_then_status_expire_prior_candidates_only
active_fanout_0008,fanout_0009,youtube_transcript:asx-daily-rundown-atlassian-lifts-tech-a2-milk-recall-shock-accent-group-all-time-lows:88e960386e503796,youtube_transcript,"Cockia's share price dropped 29% on the day of the recall announcement in September 2011, but then the share price took off from there",50,50,0,50,A2 MILK|A2M|ACCENT GROUP|ASX|ATLASSIAN|AXEN GROUP|BHP|BRAIN CHIP|C79|CLAR|CLARITY|CLT|COH|END|ENDEAVOR GROUP|ENDV|GCM|GCM CORPORATION|GCMC|IMPEDIMED|IMRO|INDE|KEY|KEY PETROLEUM|KEYP|LION|LION TOWN|LIVN|LON|MAR|MARINO|MARINO AND CO|NAB|PENINSULA|PET|PETT|PETTIMED|SKT|SN|SNW|STK|STRICKLAND METALS|TXT|VCE|VERITUS|WBC|WES|WIN|WIN MEDALS|XTX,312|313|314|315|316|317|318|319|320|321|322|323|324|325|326|327|328|329|330|331|332|333|334|335|336|337|338|841|842|843|844|845|846|847|848|849|850|851|852|853|854|855|1713|1714|1715|1716|1717|1718|1719|1720,manual_review_only
active_fanout_0009,fanout_0010,youtube_transcript:asx-daily-rundown-atlassian-lifts-tech-a2-milk-recall-shock-accent-group-all-time-lows:88e960386e503796,youtube_transcript,is below 1 cent,50,50,0,50,A2 MILK|A2M|ACCENT GROUP|ASX|ATLASSIAN|AXEN GROUP|BHP|BRAIN CHIP|C79|CLAR|CLARITY|CLT|COH|END|ENDEAVOR GROUP|ENDV|GCM|GCM CORPORATION|GCMC|IMPEDIMED|IMRO|INDE|KEY|KEY PETROLEUM|KEYP|LION|LION TOWN|LIVN|LON|MAR|MARINO|MARINO AND CO|NAB|PENINSULA|PET|PETT|PETTIMED|SKT|SN|SNW|STK|STRICKLAND METALS|TXT|VCE|VERITUS|WBC|WES|WIN|WIN MEDALS|XTX,204|205|206|207|208|209|210|211|212|213|214|215|216|217|218|219|220|221|222|223|224|225|226|227|228|229|230|781|782|783|784|785|786|787|788|789|790|791|792|793|794|795|1681|1682|1683|1684|1685|1686|1687|1688,manual_review_only
active_fanout_0010,fanout_0011,youtube_transcript:asx-daily-rundown-atlassian-lifts-tech-a2-milk-recall-shock-accent-group-all-time-lows:88e960386e503796,youtube_transcript,Negative trading updates from A2 MILK and ENDEAVOR GROUP,50,50,45,5,A2 MILK|A2M|ACCENT GROUP|ASX|ATLASSIAN|AXEN GROUP|BHP|BRAIN CHIP|C79|CLAR|CLARITY|CLT|COH|END|ENDEAVOR GROUP|ENDV|GCM|GCM CORPORATION|GCMC|IMPEDIMED|IMRO|INDE|KEY|KEY PETROLEUM|KEYP|LION|LION TOWN|LIVN|LON|MAR|MARINO|MARINO AND CO|NAB|PENINSULA|PET|PETT|PETTIMED|SKT|SN|SNW|STK|STRICKLAND METALS|TXT|VCE|VERITUS|WBC|WES|WIN|WIN MEDALS|XTX,582|583|584|585|586|587|588|589|590|591|592|593|594|595|596|597|598|599|600|601|602|603|604|605|606|607|608|1024|1025|1026|1027|1028|1029|1030|1031|1032|1033|1034|1035|1036|1037|1038|1892|1893|1894|1895|1896|1897|1898|1899,operator_review_then_status_expire_prior_candidates_only
active_fanout_0011,fanout_0012,youtube_transcript:asx-daily-rundown-atlassian-lifts-tech-a2-milk-recall-shock-accent-group-all-time-lows:88e960386e503796,youtube_transcript,PETTIMED's share price is down 35.71%,50,50,47,3,A2 MILK|A2M|ACCENT GROUP|ASX|ATLASSIAN|AXEN GROUP|BHP|BRAIN CHIP|C79|CLAR|CLARITY|CLT|COH|END|ENDEAVOR GROUP|ENDV|GCM|GCM CORPORATION|GCMC|IMPEDIMED|IMRO|INDE|KEY|KEY PETROLEUM|KEYP|LION|LION TOWN|LIVN|LON|MAR|MARINO|MARINO AND CO|NAB|PENINSULA|PET|PETT|PETTIMED|SKT|SN|SNW|STK|STRICKLAND METALS|TXT|VCE|VERITUS|WBC|WES|WIN|WIN MEDALS|XTX,177|178|179|180|181|182|183|184|185|186|187|188|189|190|191|192|193|194|195|196|197|198|199|200|201|202|203|766|767|768|769|770|771|772|773|774|775|776|777|778|779|780|1673|1674|1675|1676|1677|1678|1679|1680,operator_review_then_status_expire_prior_candidates_only
active_fanout_0012,fanout_0013,youtube_transcript:asx-daily-rundown-atlassian-lifts-tech-a2-milk-recall-shock-accent-group-all-time-lows:88e960386e503796,youtube_transcript,Voluntary recall of three batches of A2 Platinum USA label infant milk formula manufactured by Liz Sinlay,50,50,48,2,A2 MILK|A2M|ACCENT GROUP|ASX|ATLASSIAN|AXEN GROUP|BHP|BRAIN CHIP|C79|CLAR|CLARITY|CLT|COH|END|ENDEAVOR GROUP|ENDV|GCM|GCM CORPORATION|GCMC|IMPEDIMED|IMRO|INDE|KEY|KEY PETROLEUM|KEYP|LION|LION TOWN|LIVN|LON|MAR|MARINO|MARINO AND CO|NAB|PENINSULA|PET|PETT|PETTIMED|SKT|SN|SNW|STK|STRICKLAND METALS|TXT|VCE|VERITUS|WBC|WES|WIN|WIN MEDALS|XTX,501|502|503|504|505|506|507|508|509|510|511|512|513|514|515|516|517|518|519|520|521|522|523|524|525|526|527|968|969|970|971|972|973|974|975|976|977|978|979|980|981|982|1851|1852|1853|1854|1855|1856|1857|1858,operator_review_then_status_expire_prior_candidates_only
active_fanout_0013,fanout_0014,youtube_transcript:asx-daily-rundown-atlassian-lifts-tech-a2-milk-recall-shock-accent-group-all-time-lows:88e960386e503796,youtube_transcript,A2 MILK's product recall,42,42,40,2,A2 MILK|A2M|ACCENT GROUP|ASX|ATLASSIAN|AXEN GROUP|BHP|BRAIN CHIP|C79|CLARITY|CLT|COH|END|ENDEAVOR GROUP|GCM|GCM CORPORATION|IMPEDIMED|IMRO|INDE|KEY|KEY PETROLEUM|LION TOWN|LON|MAR|MARINO AND CO|NAB|PENINSULA|PET|PETT|PETTIMED|SKT|SNW|STK|STRICKLAND METALS|TXT|VCE|VERITUS|WBC|WES|WIN|WIN MEDALS|XTX,474|475|476|477|478|479|480|481|482|483|484|485|486|487|488|489|490|491|492|493|494|495|496|497|498|499|500|953|954|955|956|957|958|959|960|961|962|963|964|965|966|967,operator_review_then_status_expire_prior_candidates_only
active_fanout_0014,fanout_0015,youtube_transcript:asx-daily-rundown-atlassian-lifts-tech-a2-milk-recall-shock-accent-group-all-time-lows:88e960386e503796,youtube_transcript,Indeed's share price has more than halved since 2022,42,42,0,42,A2 MILK|A2M|ACCENT GROUP|ASX|ATLASSIAN|AXEN GROUP|BHP|BRAIN CHIP|C79|CLARITY|CLT|COH|END|ENDEAVOR GROUP|GCM|GCM CORPORATION|IMPEDIMED|IMRO|INDE|KEY|KEY PETROLEUM|LION TOWN|LON|MAR|MARINO AND CO|NAB|PENINSULA|PET|PETT|PETTIMED|SKT|SNW|STK|STRICKLAND METALS|TXT|VCE|VERITUS|WBC|WES|WIN|WIN MEDALS|XTX,150|151|152|153|154|155|156|157|158|159|160|161|162|163|164|165|166|167|168|169|170|171|172|173|174|175|176|751|752|753|754|755|756|757|758|759|760|761|762|763|764|765,manual_review_only
active_fanout_0015,fanout_0016,youtube_transcript:asx-daily-rundown-atlassian-lifts-tech-a2-milk-recall-shock-accent-group-all-time-lows:88e960386e503796,youtube_transcript,Positive trading update for Chrysos Corporation,42,42,39,3,A2 MILK|A2M|ACCENT GROUP|ASX|ATLASSIAN|AXEN GROUP|BHP|BRAIN CHIP|C79|CLARITY|CLT|COH|END|ENDEAVOR GROUP|GCM|GCM CORPORATION|IMPEDIMED|IMRO|INDE|KEY|KEY PETROLEUM|LION TOWN|LON|MAR|MARINO AND CO|NAB|PENINSULA|PET|PETT|PETTIMED|SKT|SNW|STK|STRICKLAND METALS|TXT|VCE|VERITUS|WBC|WES|WIN|WIN MEDALS|XTX,447|448|449|450|451|452|453|454|455|456|457|458|459|460|461|462|463|464|465|466|467|468|469|470|471|472|473|938|939|940|941|942|943|944|945|946|947|948|949|950|951|952,operator_review_then_status_expire_prior_candidates_only
active_fanout_0016,fanout_0017,youtube_transcript:asx-daily-rundown-atlassian-lifts-tech-a2-milk-recall-shock-accent-group-all-time-lows:88e960386e503796,youtube_transcript,A2 MILK's product recall and negative market reaction,41,41,39,2,A2 MILK|A2M|ACCENT GROUP|ASX|ATLASSIAN|AXEN GROUP|BHP|BRAIN CHIP|C79|CLARITY|CLT|COH|END|ENDEAVOR GROUP|GCM|GCM CORPORATION|IMRO|INDE|KEY|KEY PETROLEUM|LION TOWN|LON|MAR|MARINO AND CO|NAB|PENINSULA|PET|PETT|PETTIMED|SKT|SNW|STK|STRICKLAND METALS|TXT|VCE|VERITUS|WBC|WES|WIN|WIN MEDALS|XTX,663|664|665|666|667|735|736|737|738|739|740|741|742|743|744|745|746|747|748|749|750|1080|1081|1082|1083|1084|1085|1086|1087|1088|1089|1090|1091|1092|1093|1094|1095|1096|1097|1098|1099,operator_review_then_status_expire_prior_candidates_only
active_fanout_0017,fanout_0019,youtube_transcript:asx-daily-rundown-atlassian-lifts-tech-a2-milk-recall-shock-accent-group-all-time-lows:88e960386e503796,youtube_transcript,"ACCENT GROUP's share price approaching 50 cents, which is an all-time low for the company",34,34,33,1,A2 MILK|A2M|ACCENT GROUP|ASX|BHP|C79|CLAR|CLT|COH|END|ENDV|GCM|GCMC|INDE|KEY|KEYP|LION|LIVN|LON|MAR|MARINO|NAB|PET|PETT|SKT|SN|SNW|STK|TXT|VCE|WBC|WES|WIN|XTX,1152|1153|1154|1155|1156|1157|1158|1159|1160|1161|1162|1163|1164|1165|1166|1167|1168|1169|1170|1171|1172|1173|1174|1175|1176|1177|1991|1992|1993|1994|1995|1996|1997|1998,operator_review_then_status_expire_prior_candidates_only
active_fanout_0018,fanout_0021,youtube_transcript:asx-daily-rundown-atlassian-lifts-tech-a2-milk-recall-shock-accent-group-all-time-lows:88e960386e503796,youtube_transcript,Over issuance of shares by Pettimed leading to a significant drop in share price,34,34,32,2,A2 MILK|A2M|ACCENT GROUP|ASX|BHP|C79|CLAR|CLT|COH|END|ENDV|GCM|GCMC|INDE|KEY|KEYP|LION|LIVN|LON|MAR|MARINO|NAB|PET|PETT|SKT|SN|SNW|STK|TXT|VCE|WBC|WES|WIN|XTX,1039|1040|1041|1042|1043|1044|1045|1046|1047|1048|1049|1050|1051|1052|1053|1054|1055|1056|1057|1058|1059|1060|1061|1062|1063|1064|1900|1901|1902|1903|1904|1905|1906|1907,operator_review_then_status_expire_prior_candidates_only
active_fanout_0019,fanout_0022,youtube_transcript:asx-daily-rundown-atlassian-lifts-tech-a2-milk-recall-shock-accent-group-all-time-lows:88e960386e503796,youtube_transcript,Potential overreaction by the market to the recall announcement for A2 MILK,34,34,32,2,A2 MILK|A2M|ACCENT GROUP|ASX|BHP|C79|CLAR|CLT|COH|END|ENDV|GCM|GCMC|INDE|KEY|KEYP|LION|LIVN|LON|MAR|MARINO|NAB|PET|PETT|SKT|SN|SNW|STK|TXT|VCE|WBC|WES|WIN|XTX,1126|1127|1128|1129|1130|1131|1132|1133|1134|1135|1136|1137|1138|1139|1140|1141|1142|1143|1144|1145|1146|1147|1148|1149|1150|1151|1983|1984|1985|1986|1987|1988|1989|1990,operator_review_then_status_expire_prior_candidates_only
active_fanout_0020,fanout_0025,youtube_transcript:asx-daily-rundown-atlassian-lifts-tech-a2-milk-recall-shock-accent-group-all-time-lows:88e960386e503796,youtube_transcript,Australian inflation gauge has cooled from a record peak,27,27,0,27,A2 MILK|A2M|ACCENT GROUP|ASX|ATLASSIAN|AXEN GROUP|BHP|BRAIN CHIP|C79|CLARITY|ENDEAVOR GROUP|GCM CORPORATION|IMPEDIMED|IMRO|INDE|KEY PETROLEUM|LION TOWN|MARINO AND CO|NAB|PENINSULA|PETT|PETTIMED|STRICKLAND METALS|TXT|VERITUS|WIN MEDALS|XTX,96|97|98|99|100|101|102|103|104|105|106|107|108|109|110|111|112|113|114|115|116|117|118|119|120|121|122,manual_review_only
active_fanout_0021,fanout_0027,youtube_transcript:asx-daily-rundown-atlassian-lifts-tech-a2-milk-recall-shock-accent-group-all-time-lows:88e960386e503796,youtube_transcript,South Korean manufacturing growth is the strongest in four years,27,27,0,27,A2 MILK|A2M|ACCENT GROUP|ASX|ATLASSIAN|AXEN GROUP|BHP|BRAIN CHIP|C79|CLARITY|ENDEAVOR GROUP|GCM CORPORATION|IMPEDIMED|IMRO|INDE|KEY PETROLEUM|LION TOWN|MARINO AND CO|NAB|PENINSULA|PETT|PETTIMED|STRICKLAND METALS|TXT|VERITUS|WIN MEDALS|XTX,123|124|125|126|127|128|129|130|131|132|133|134|135|136|137|138|139|140|141|142|143|144|145|146|147|148|149,manual_review_only
active_fanout_0022,fanout_0028,youtube_transcript:asx-daily-rundown-atlassian-lifts-tech-a2-milk-recall-shock-accent-group-all-time-lows:88e960386e503796,youtube_transcript,Tech strength has led to a rally in Asian stocks,27,27,0,27,A2 MILK|A2M|ACCENT GROUP|ASX|ATLASSIAN|AXEN GROUP|BHP|BRAIN CHIP|C79|CLARITY|ENDEAVOR GROUP|GCM CORPORATION|IMPEDIMED|IMRO|INDE|KEY PETROLEUM|LION TOWN|MARINO AND CO|NAB|PENINSULA|PETT|PETTIMED|STRICKLAND METALS|TXT|VERITUS|WIN MEDALS|XTX,42|43|44|45|46|47|48|49|50|51|52|53|54|55|56|57|58|59|60|61|62|63|64|65|66|67|68,manual_review_only
active_fanout_0023,fanout_0029,youtube_transcript:asx-daily-rundown-atlassian-lifts-tech-a2-milk-recall-shock-accent-group-all-time-lows:88e960386e503796,youtube_transcript,Tech strength in the market,27,27,0,27,A2 MILK|A2M|ACCENT GROUP|ASX|ATLASSIAN|AXEN GROUP|BHP|BRAIN CHIP|C79|CLARITY|ENDEAVOR GROUP|GCM CORPORATION|IMPEDIMED|IMRO|INDE|KEY PETROLEUM|LION TOWN|MARINO AND CO|NAB|PENINSULA|PETT|PETTIMED|STRICKLAND METALS|TXT|VERITUS|WIN MEDALS|XTX,420|421|422|423|424|425|426|427|428|429|430|431|432|433|434|435|436|437|438|439|440|441|442|443|444|445|446,manual_review_only
active_fanout_0024,fanout_0030,youtube_transcript:asx-daily-rundown-atlassian-lifts-tech-a2-milk-recall-shock-accent-group-all-time-lows:88e960386e503796,youtube_transcript,AI fears impacting Atlassian's share price,26,26,26,0,A2 MILK|A2M|ACCENT GROUP|ASX|BHP|C79|CLT|COH|END|GCM|INDE|KEY|LON|MAR|NAB|PET|PETT|SKT|SNW|STK|TXT|VCE|WBC|WES|WIN|XTX,998|999|1000|1001|1002|1003|1004|1005|1006|1007|1008|1009|1010|1011|1012|1013|1014|1015|1016|1017|1018|1019|1020|1021|1022|1023,operator_review_then_status_expire_prior_candidates_only
active_fanout_0025,fanout_0031,youtube_transcript:asx-daily-rundown-atlassian-lifts-tech-a2-milk-recall-shock-accent-group-all-time-lows:88e960386e503796,youtube_transcript,Atlassian's strong performance due to better-than-expected results,26,26,26,0,A2 MILK|A2M|ACCENT GROUP|ASX|BHP|C79|CLT|COH|END|GCM|INDE|KEY|LON|MAR|NAB|PET|PETT|SKT|SNW|STK|TXT|VCE|WBC|WES|WIN|XTX,886|887|888|889|890|891|892|893|894|895|896|897|898|899|900|901|902|903|904|905|906|907|908|909|910|911,operator_review_then_status_expire_prior_candidates_only
active_fanout_0026,fanout_0032,youtube_transcript:asx-daily-rundown-atlassian-lifts-tech-a2-milk-recall-shock-accent-group-all-time-lows:88e960386e503796,youtube_transcript,Chrysos Corporation's unexpected negative market reaction to a positive update,26,26,24,2,A2 MILK|A2M|ACCENT GROUP|ASX|BHP|C79|CLT|COH|END|GCM|INDE|KEY|LON|MAR|NAB|PET|PETT|SKT|SNW|STK|TXT|VCE|WBC|WES|WIN|XTX,1100|1101|1102|1103|1104|1105|1106|1107|1108|1109|1110|1111|1112|1113|1114|1115|1116|1117|1118|1119|1120|1121|1122|1123|1124|1125,operator_review_then_status_expire_prior_candidates_only
active_fanout_0027,fanout_0033,youtube_transcript:asx-daily-rundown-atlassian-lifts-tech-a2-milk-recall-shock-accent-group-all-time-lows:88e960386e503796,youtube_transcript,Tech had a good day on the ASX despite a not-so-good day for the overall market,26,26,0,26,A2 MILK|A2M|ACCENT GROUP|ASX|BHP|C79|CLT|COH|END|GCM|INDE|KEY|LON|MAR|NAB|PET|PETT|SKT|SNW|STK|TXT|VCE|WBC|WES|WIN|XTX,683|684|685|686|687|688|689|690|691|692|693|694|695|696|697|698|699|700|701|702|703|704|705|706|707|708,manual_review_only
active_fanout_0028,fanout_0034,youtube_transcript:asx-daily-rundown-atlassian-lifts-tech-a2-milk-recall-shock-accent-group-all-time-lows:88e960386e503796,youtube_transcript,Tech strength leading to a rally in Asian stocks,26,26,0,26,A2 MILK|A2M|ACCENT GROUP|ASX|BHP|C79|CLT|COH|END|GCM|INDE|KEY|LON|MAR|NAB|PET|PETT|SKT|SNW|STK|TXT|VCE|WBC|WES|WIN|XTX,912|913|914|915|916|917|918|919|920|921|922|923|924|925|926|927|928|929|930|931|932|933|934|935|936|937,manual_review_only
active_fanout_0029,fanout_0035,youtube_transcript:asx-daily-rundown-atlassian-lifts-tech-a2-milk-recall-shock-accent-group-all-time-lows:88e960386e503796,youtube_transcript,A2 MILK's potential overreaction from the market due to the product recall,25,25,23,2,A2 MILK|A2M|ACCENT GROUP|ASX|BHP|C79|CLAR|COH|ENDV|GCMC|INDE|KEYP|LION|LIVN|MARINO|NAB|PETT|SKT|SN|TXT|VCE|WBC|WES|WIN|XTX,1958|1959|1960|1961|1962|1963|1964|1965|1966|1967|1968|1969|1970|1971|1972|1973|1974|1975|1976|1977|1978|1979|1980|1981|1982,operator_review_then_status_expire_prior_candidates_only
active_fanout_0030,fanout_0036,youtube_transcript:asx-daily-rundown-atlassian-lifts-tech-a2-milk-recall-shock-accent-group-all-time-lows:88e960386e503796,youtube_transcript,A2 MILK's voluntary recall of three batches of A2 Platinum USA label infant milk formula,25,25,23,2,A2 MILK|A2M|ACCENT GROUP|ASX|BHP|C79|CLAR|COH|ENDV|GCMC|INDE|KEYP|LION|LIVN|MARINO|NAB|PETT|SKT|SN|TXT|VCE|WBC|WES|WIN|XTX,1826|1827|1828|1829|1830|1831|1832|1833|1834|1835|1836|1837|1838|1839|1840|1841|1842|1843|1844|1845|1846|1847|1848|1849|1850,operator_review_then_status_expire_prior_candidates_only
active_fanout_0031,fanout_0037,youtube_transcript:asx-daily-rundown-atlassian-lifts-tech-a2-milk-recall-shock-accent-group-all-time-lows:88e960386e503796,youtube_transcript,AI fears affecting Atlassian's share price,25,25,25,0,A2 MILK|A2M|ACCENT GROUP|ASX|BHP|C79|CLAR|COH|ENDV|GCMC|INDE|KEYP|LION|LIVN|MARINO|NAB|PETT|SKT|SN|TXT|VCE|WBC|WES|WIN|XTX,1867|1868|1869|1870|1871|1872|1873|1874|1875|1876|1877|1878|1879|1880|1881|1882|1883|1884|1885|1886|1887|1888|1889|1890|1891,operator_review_then_status_expire_prior_candidates_only
active_fanout_0032,fanout_0038,youtube_transcript:asx-daily-rundown-atlassian-lifts-tech-a2-milk-recall-shock-accent-group-all-time-lows:88e960386e503796,youtube_transcript,Chrysos Corporation's guidance towards the upper end of their range,25,25,23,2,A2 MILK|A2M|ACCENT GROUP|ASX|BHP|C79|CLAR|COH|ENDV|GCMC|INDE|KEYP|LION|LIVN|MARINO|NAB|PETT|SKT|SN|TXT|VCE|WBC|WES|WIN|XTX,1801|1802|1803|1804|1805|1806|1807|1808|1809|1810|1811|1812|1813|1814|1815|1816|1817|1818|1819|1820|1821|1822|1823|1824|1825,operator_review_then_status_expire_prior_candidates_only
active_fanout_0033,fanout_0039,youtube_transcript:asx-daily-rundown-atlassian-lifts-tech-a2-milk-recall-shock-accent-group-all-time-lows:88e960386e503796,youtube_transcript,Chrysos Corporation's share price reaction to a positive update,25,25,23,2,A2 MILK|A2M|ACCENT GROUP|ASX|BHP|C79|CLAR|COH|ENDV|GCMC|INDE|KEYP|LION|LIVN|MARINO|NAB|PETT|SKT|SN|TXT|VCE|WBC|WES|WIN|XTX,1933|1934|1935|1936|1937|1938|1939|1940|1941|1942|1943|1944|1945|1946|1947|1948|1949|1950|1951|1952|1953|1954|1955|1956|1957,operator_review_then_status_expire_prior_candidates_only
active_fanout_0034,fanout_0040,youtube_transcript:asx-daily-rundown-atlassian-lifts-tech-a2-milk-recall-shock-accent-group-all-time-lows:88e960386e503796,youtube_transcript,Indeed's share price has more than halved since 2022 highs,25,25,0,25,A2 MILK|A2M|ACCENT GROUP|ASX|BHP|C79|CLAR|COH|ENDV|GCMC|INDE|KEYP|LION|LIVN|MARINO|NAB|PETT|SKT|SN|TXT|VCE|WBC|WES|WIN|XTX,1648|1649|1650|1651|1652|1653|1654|1655|1656|1657|1658|1659|1660|1661|1662|1663|1664|1665|1666|1667|1668|1669|1670|1671|1672,manual_review_only
active_fanout_0035,fanout_0041,youtube_transcript:asx-daily-rundown-atlassian-lifts-tech-a2-milk-recall-shock-accent-group-all-time-lows:88e960386e503796,youtube_transcript,Pettimed's oversupply of shares and poor market reception,25,25,24,1,A2 MILK|A2M|ACCENT GROUP|ASX|BHP|C79|CLAR|COH|ENDV|GCMC|INDE|KEYP|LION|LIVN|MARINO|NAB|PETT|SKT|SN|TXT|VCE|WBC|WES|WIN|XTX,1908|1909|1910|1911|1912|1913|1914|1915|1916|1917|1918|1919|1920|1921|1922|1923|1924|1925|1926|1927|1928|1929|1930|1931|1932,operator_review_then_status_expire_prior_candidates_only
active_fanout_0036,fanout_0042,youtube_transcript:asx-daily-rundown-atlassian-lifts-tech-a2-milk-recall-shock-accent-group-all-time-lows:88e960386e503796,youtube_transcript,Tech stocks are performing well due to strength in Atlassian,25,25,25,0,A2 MILK|A2M|ACCENT GROUP|ASX|BHP|C79|CLAR|COH|ENDV|GCMC|INDE|KEYP|LION|LIVN|MARINO|NAB|PETT|SKT|SN|TXT|VCE|WBC|WES|WIN|XTX,1615|1616|1617|1618|1619|1620|1621|1622|1623|1624|1625|1626|1627|1628|1629|1630|1631|1632|1633|1634|1635|1636|1637|1638|1639,operator_review_then_status_expire_prior_candidates_only
active_fanout_0037,fanout_0043,youtube_transcript:asx-daily-rundown-atlassian-lifts-tech-a2-milk-recall-shock-accent-group-all-time-lows:88e960386e503796,youtube_transcript,Tech strength leading to rally in Asian stocks,25,25,0,25,A2 MILK|A2M|ACCENT GROUP|ASX|BHP|C79|CLAR|COH|ENDV|GCMC|INDE|KEYP|LION|LIVN|MARINO|NAB|PETT|SKT|SN|TXT|VCE|WBC|WES|WIN|XTX,1751|1752|1753|1754|1755|1756|1757|1758|1759|1760|1761|1762|1763|1764|1765|1766|1767|1768|1769|1770|1771|1772|1773|1774|1775,manual_review_only
active_fanout_0038,fanout_0051,news:art_e4faef3c4644fe5bb3b66e32,news,PARADIGM BIOPHARMACEUTICALS expands share base for growth,8,8,7,1,4DMEDICAL|AROVELLA|COH|CSL|EZZ|LTR PHARMA|PARADIGM BIOPHARMACEUTICALS|RESMED,1312|1313|1314|1315|1316|1317|1318|1319,operator_review_then_status_expire_prior_candidates_only
active_fanout_0039,fanout_0052,news:art_e4faef3c4644fe5bb3b66e32,news,RESMED delivers strong quarterly growth,8,8,7,1,4DMEDICAL|AROVELLA|COH|CSL|EZZ|LTR PHARMA|PARADIGM BIOPHARMACEUTICALS|RESMED,1304|1305|1306|1307|1308|1309|1310|1311,operator_review_then_status_expire_prior_candidates_only
active_fanout_0040,fanout_0053,news:art_e4faef3c4644fe5bb3b66e32,news,Sonic Healthcare faces profit pressure despite revenue growth,8,8,0,8,4DMEDICAL|AROVELLA|COH|CSL|EZZ|LTR PHARMA|PARADIGM BIOPHARMACEUTICALS|RESMED,1256|1257|1258|1259|1260|1261|1262|1263,manual_review_only
active_fanout_0041,fanout_0054,news:art_e4faef3c4644fe5bb3b66e32,news,Sonic Healthcare's profit pressure despite revenue growth,8,8,0,8,4DMEDICAL|AROVELLA|COH|CSL|EZZ|LTR PHARMA|PARADIGM BIOPHARMACEUTICALS|RESMED,1320|1321|1322|1323|1324|1325|1326|1327,manual_review_only
active_fanout_0042,fanout_0055,news:art_e4faef3c4644fe5bb3b66e32,news,"{'date': '2026-05-01', 'description': '4DMEDICAL secures a new pharma contract, boosting its lung imaging platform adoption.'}",8,8,0,8,4DMEDICAL|AROVELLA|COH|CSL|EZZ|LTR PHARMA|PARADIGM BIOPHARMACEUTICALS|RESMED,1224|1225|1226|1227|1228|1229|1230|1231,manual_review_only
active_fanout_0043,fanout_0056,news:art_e4faef3c4644fe5bb3b66e32,news,"{'date': '2026-05-01', 'description': 'CSL faces renewed scrutiny as valuation gaps and growth expectations drive market debate.'}",8,8,0,8,4DMEDICAL|AROVELLA|COH|CSL|EZZ|LTR PHARMA|PARADIGM BIOPHARMACEUTICALS|RESMED,1232|1233|1234|1235|1236|1237|1238|1239,manual_review_only
active_fanout_0044,fanout_0057,news:art_e4faef3c4644fe5bb3b66e32,news,"{'date': '2026-05-01', 'description': 'LTR PHARMA highlights SPONTAN clinical progress, US expansion strategy, and funding strength.'}",8,8,0,8,4DMEDICAL|AROVELLA|COH|CSL|EZZ|LTR PHARMA|PARADIGM BIOPHARMACEUTICALS|RESMED,1216|1217|1218|1219|1220|1221|1222|1223,manual_review_only
active_fanout_0045,fanout_0058,news:art_e4faef3c4644fe5bb3b66e32,news,"{'date': '2026-05-01', 'description': 'PARADIGM BIOPHARMACEUTICALS expands its share base to support development, improve liquidity, and strengthen funding flexibility.'}",8,8,0,8,4DMEDICAL|AROVELLA|COH|CSL|EZZ|LTR PHARMA|PARADIGM BIOPHARMACEUTICALS|RESMED,1248|1249|1250|1251|1252|1253|1254|1255,manual_review_only
active_fanout_0046,fanout_0059,news:art_e4faef3c4644fe5bb3b66e32,news,"{'date': '2026-05-01', 'description': 'RESMED delivers strong quarterly growth supported by global demand, innovation, and digital health expansion.'}",8,8,0,8,4DMEDICAL|AROVELLA|COH|CSL|EZZ|LTR PHARMA|PARADIGM BIOPHARMACEUTICALS|RESMED,1240|1241|1242|1243|1244|1245|1246|1247,manual_review_only
active_fanout_0047,fanout_0060,news:art_e4faef3c4644fe5bb3b66e32,news,"{'date': '2026-05-03', 'description': '4DMEDICAL’s collaboration with GSK highlights the growing role of advanced imaging in respiratory research.'}",8,8,0,8,4DMEDICAL|AROVELLA|COH|CSL|EZZ|LTR PHARMA|PARADIGM BIOPHARMACEUTICALS|RESMED,1208|1209|1210|1211|1212|1213|1214|1215,manual_review_only
active_fanout_0048,fanout_0061,news:art_e4faef3c4644fe5bb3b66e32,news,"{'date': '2026-05-04', 'description': 'AROVELLA undergoes major board changes after shareholder action, with a strategic review underway.'}",8,8,0,8,4DMEDICAL|AROVELLA|COH|CSL|EZZ|LTR PHARMA|PARADIGM BIOPHARMACEUTICALS|RESMED,1192|1193|1194|1195|1196|1197|1198|1199,manual_review_only
active_fanout_0049,fanout_0062,news:art_e4faef3c4644fe5bb3b66e32,news,"{'date': '2026-05-04', 'description': 'EZZ enters the wellness market with its MeTime range, targeting growing demand for functional supplements.'}",8,8,0,8,4DMEDICAL|AROVELLA|COH|CSL|EZZ|LTR PHARMA|PARADIGM BIOPHARMACEUTICALS|RESMED,1200|1201|1202|1203|1204|1205|1206|1207,manual_review_only
active_fanout_0050,fanout_0063,news:art_e4faef3c4644fe5bb3b66e32,news,"{'date': '2026-05-04', 'description': 'Sonic Healthcare faces profit pressure despite revenue growth, highlighting margin pressure and debt considerations.'}",8,8,0,8,4DMEDICAL|AROVELLA|COH|CSL|EZZ|LTR PHARMA|PARADIGM BIOPHARMACEUTICALS|RESMED,1184|1185|1186|1187|1188|1189|1190|1191,manual_review_only
active_fanout_0051,fanout_0064,news:art_1e01218da9c5674a9584063c,news,Approval by the Foreign Investment Review Board is required for the NPS/Townsend partnership's purchase,4,4,0,4,METRICS CREDIT HOLDINGS|NATIONAL PENSION SERVICE OF KOREA (NPS)|PINNACLE INVESTMENT MANAGEMENT|TOWNSEND HOLDINGS,1384|1385|1386|1387,manual_review_only
active_fanout_0052,fanout_0065,news:art_bcbc4dad9bda5cbf02c91115,news,"Fund managers are piling into insurers, GOLD miners, and some more affordable retailers, betting these stocks will benefit from the RBA rate rise",4,4,0,4,GOLD|RETAIL|UGL|WBC,1352|1353|1354|1355,manual_review_only
active_fanout_0053,fanout_0066,news:art_bcbc4dad9bda5cbf02c91115,news,Inflation problem exacerbated by the Iran war,4,4,0,4,GOLD|RETAIL|UGL|WBC,1356|1357|1358|1359,manual_review_only
active_fanout_0054,fanout_0067,news:art_5c310bef0f14a8ac13826bee,news,Insurance Australia Group Limited showed strong returns despite recent decline,4,4,0,4,IAG|NHF|QBE|SUN,1595|1596|1597|1598,manual_review_only
active_fanout_0055,fanout_0068,news:art_5c310bef0f14a8ac13826bee,news,Nib Holdings saw a 56% increase over five years,4,4,0,4,IAG|NHF|QBE|SUN,1591|1592|1593|1594,manual_review_only
active_fanout_0056,fanout_0069,news:art_1e01218da9c5674a9584063c,news,Pinnacle’s equity interest in METRICS CREDIT HOLDINGS will be restored to about 35%,4,4,0,4,METRICS CREDIT HOLDINGS|NATIONAL PENSION SERVICE OF KOREA (NPS)|PINNACLE INVESTMENT MANAGEMENT|TOWNSEND HOLDINGS,1372|1373|1374|1375,manual_review_only
active_fanout_0057,fanout_0070,news:art_1e01218da9c5674a9584063c,news,Potential risks associated with the transition of equity and the involvement of new shareholders,4,4,0,4,METRICS CREDIT HOLDINGS|NATIONAL PENSION SERVICE OF KOREA (NPS)|PINNACLE INVESTMENT MANAGEMENT|TOWNSEND HOLDINGS,1388|1389|1390|1391,manual_review_only
active_fanout_0058,fanout_0071,news:art_5c310bef0f14a8ac13826bee,news,QBE Insurance Group has demonstrated strong EPS growth over multiple years,4,4,0,4,IAG|NHF|QBE|SUN,1587|1588|1589|1590,manual_review_only
active_fanout_0059,fanout_0072,news:art_5c310bef0f14a8ac13826bee,news,"Suncorp Group Limited is trading with a P/E ratio of 14.8x, analysts estimate a decline in earnings over the next three years",4,4,0,4,IAG|NHF|QBE|SUN,1599|1600|1601|1602,manual_review_only
active_fanout_0060,fanout_0073,news:art_5c310bef0f14a8ac13826bee,news,Suncorp Group Limited's P/E ratio might not align with negative growth expectations,4,4,0,4,IAG|NHF|QBE|SUN,1603|1604|1605|1606,manual_review_only
active_fanout_0061,fanout_0074,news:art_1e01218da9c5674a9584063c,news,The equity purchases are expected to be completed during the second and third quarter of 2026,4,4,0,4,METRICS CREDIT HOLDINGS|NATIONAL PENSION SERVICE OF KOREA (NPS)|PINNACLE INVESTMENT MANAGEMENT|TOWNSEND HOLDINGS,1380|1381|1382|1383,manual_review_only
active_fanout_0062,fanout_0075,news:art_1e01218da9c5674a9584063c,news,"The National Pension Service of Korea (NPS) through its strategic partnership with TOWNSEND HOLDINGS agrees to purchase another 6.37% of existing equity in Metrics, taking its shareholding to 9.9%.'}",4,4,0,4,METRICS CREDIT HOLDINGS|NATIONAL PENSION SERVICE OF KOREA (NPS)|PINNACLE INVESTMENT MANAGEMENT|TOWNSEND HOLDINGS,1364|1365|1366|1367,manual_review_only
active_fanout_0063,fanout_0076,news:art_1e01218da9c5674a9584063c,news,The National Pension Service of Korea (NPS) through its strategic partnership with TOWNSEND HOLDINGS will take its shareholding to 9.9%,4,4,0,4,METRICS CREDIT HOLDINGS|NATIONAL PENSION SERVICE OF KOREA (NPS)|PINNACLE INVESTMENT MANAGEMENT|TOWNSEND HOLDINGS,1376|1377|1378|1379,manual_review_only
active_fanout_0064,fanout_0077,news:art_5c310bef0f14a8ac13826bee,news,"{'date': '2025-04-08', 'description': 'Suncorp Group Limited (ASX:SUN) trading with a P/E ratio of 14.8x, analysts estimate a decline in earnings over the next three years.'}",4,4,0,4,IAG|NHF|QBE|SUN,1583|1584|1585|1586,manual_review_only
active_fanout_0065,fanout_0078,news:art_5c310bef0f14a8ac13826bee,news,"{'date': '2025-04-09', 'description': 'Insurance Australia Group Limited (ASX:IAG) showed strong returns despite recent decline, with impressive 3-year growth in earnings per share.'}",4,4,0,4,IAG|NHF|QBE|SUN,1579|1580|1581|1582,manual_review_only
active_fanout_0066,fanout_0079,news:art_5c310bef0f14a8ac13826bee,news,"{'date': '2025-04-09', 'description': 'Nib Holdings (ASX:NHF) saw a 56% increase over five years, operating within the healthcare insurance sector.'}",4,4,0,4,IAG|NHF|QBE|SUN,1575|1576|1577|1578,manual_review_only
active_fanout_0067,fanout_0080,news:art_5c310bef0f14a8ac13826bee,news,"{'date': '2025-04-19', 'description': 'Wiseway Group, listed on the All Ordinaries and ASX Emerging Companies indexes, showed upward movement in return on capital employed.'}",4,4,0,4,IAG|NHF|QBE|SUN,1571|1572|1573|1574,manual_review_only
active_fanout_0068,fanout_0081,news:art_5c310bef0f14a8ac13826bee,news,"{'date': '2025-04-24', 'description': 'Australian market nears 8,000 points, with a focus on dividend stocks for stable income.'}",4,4,0,4,IAG|NHF|QBE|SUN,1567|1568|1569|1570,manual_review_only
active_fanout_0069,fanout_0082,news:art_5c310bef0f14a8ac13826bee,news,"{'date': '2025-04-29', 'description': 'QBE Insurance Group (ASX:QBE) demonstrated strong EPS growth over multiple years, maintained consistent revenue performance and steady EBIT margins, and company executives purchased shares.'}",4,4,0,4,IAG|NHF|QBE|SUN,1563|1564|1565|1566,manual_review_only
active_fanout_0070,fanout_0083,news:art_1e01218da9c5674a9584063c,news,"{'date': '2026-03-31', 'description': 'Graham McNamara, former managing partner of METRICS CREDIT HOLDINGS, retires but continues to be involved as an adviser.'}",4,4,0,4,METRICS CREDIT HOLDINGS|NATIONAL PENSION SERVICE OF KOREA (NPS)|PINNACLE INVESTMENT MANAGEMENT|TOWNSEND HOLDINGS,1368|1369|1370|1371,manual_review_only
active_fanout_0071,fanout_0084,news:art_06cd26d8be3fde12055ea3bf,news,"{'date': '2026-05-03', 'description': ""A2 Milk's stock price drops significantly after recalling three batches of its USA infant formula.""}",4,4,0,4,A2M|BGA|COH|EGH,1508|1509|1510|1511,manual_review_only
active_fanout_0072,fanout_0085,news:art_06cd26d8be3fde12055ea3bf,news,"{'date': '2026-05-03', 'description': ""ASX opens lower due to US President Trump's comments on Iran's peace offer and anticipation of US employment data.""}",4,4,0,4,A2M|BGA|COH|EGH,1504|1505|1506|1507,manual_review_only
active_fanout_0073,fanout_0086,news:art_06cd26d8be3fde12055ea3bf,news,"{'date': '2026-05-03', 'description': ""Potential negative impact on consumer staples due to A2 Milk's recall and other factors.""}",4,4,0,4,A2M|BGA|COH|EGH,1528|1529|1530|1531,manual_review_only
active_fanout_0074,fanout_0087,news:art_06cd26d8be3fde12055ea3bf,news,"{'date': '2026-05-03', 'description': ""US President Trump's comments on Iran's peace offer are not acceptable.""}",4,4,0,4,A2M|BGA|COH|EGH,1516|1517|1518|1519,manual_review_only
active_fanout_0075,fanout_0088,news:art_06cd26d8be3fde12055ea3bf,news,"{'date': '2026-05-03', 'description': 'Continued geopolitical tensions between the US and Iran.'}",4,4,0,4,A2M|BGA|COH|EGH,1524|1525|1526|1527,manual_review_only
active_fanout_0076,fanout_0089,news:art_06cd26d8be3fde12055ea3bf,news,"{'date': '2026-05-03', 'description': 'Endeavour Group announces a $100 million cost reduction program, including layoffs.'}",4,4,0,4,A2M|BGA|COH|EGH,1512|1513|1514|1515,manual_review_only
active_fanout_0077,fanout_0090,news:art_06cd26d8be3fde12055ea3bf,news,"{'date': '2026-05-03', 'description': 'US non-farm payrolls data expected to show job growth of 60,000 jobs in May.'}",4,4,0,4,A2M|BGA|COH|EGH,1520|1521|1522|1523,manual_review_only
active_fanout_0078,fanout_0091,news:art_1e01218da9c5674a9584063c,news,"{'date': '2026-05-04', 'description': 'PINNACLE INVESTMENT MANAGEMENT acquires an additional 6.8% of METRICS CREDIT HOLDINGS for $100.5 million, restoring its equity interest to about 35%",4,4,0,4,METRICS CREDIT HOLDINGS|NATIONAL PENSION SERVICE OF KOREA (NPS)|PINNACLE INVESTMENT MANAGEMENT|TOWNSEND HOLDINGS,1360|1361|1362|1363,manual_review_only
active_fanout_0079,fanout_0092,news:art_bcbc4dad9bda5cbf02c91115,news,"{'date': '2026-05-09', 'description': 'Reserve Bank of Australia (RBA) is expected to raise the cash rate to 4.35%.'}",4,4,0,4,GOLD|RETAIL|UGL|WBC,1344|1345|1346|1347,manual_review_only
active_fanout_0080,fanout_0093,news:art_bcbc4dad9bda5cbf02c91115,news,"{'date': '2026-12-25', 'description': 'Bond market is pricing in at least two more rate rises by Christmas.'}",4,4,0,4,GOLD|RETAIL|UGL|WBC,1348|1349|1350|1351,manual_review_only
active_fanout_0081,fanout_0094,news:art_6fa8b272bf847b9fe39a46ca,news,Anchoring bias can prevent investors from making decisions based on current market conditions,3,3,0,3,ASX|CSL|S&P 500,1401|1402|1403,manual_review_only
active_fanout_0082,fanout_0095,news:art_6fa8b272bf847b9fe39a46ca,news,Anchoring to past data points can lead to suboptimal investment decisions,3,3,0,3,ASX|CSL|S&P 500,1422|1423|1424,manual_review_only
active_fanout_0083,fanout_0096,news:art_6fa8b272bf847b9fe39a46ca,news,Bias is a wealth destroyer in the long term,3,3,0,3,ASX|CSL|S&P 500,1395|1396|1397,manual_review_only
active_fanout_0084,fanout_0097,news:art_6fa8b272bf847b9fe39a46ca,news,Fear of loss can prevent investors from making rational decisions,3,3,0,3,ASX|CSL|S&P 500,1431|1432|1433,manual_review_only
active_fanout_0085,fanout_0098,news:art_6fa8b272bf847b9fe39a46ca,news,Focusing on recent trends can lead to short-term thinking and missed opportunities,3,3,0,3,ASX|CSL|S&P 500,1425|1426|1427,manual_review_only
active_fanout_0086,fanout_0099,news:art_6fa8b272bf847b9fe39a46ca,news,Following the herd can result in risky investments and market timing errors,3,3,0,3,ASX|CSL|S&P 500,1428|1429|1430,manual_review_only
active_fanout_0087,fanout_0100,news:art_6fa8b272bf847b9fe39a46ca,news,Herding can lead to risky investment decisions,3,3,0,3,ASX|CSL|S&P 500,1407|1408|1409,manual_review_only
active_fanout_0088,fanout_0101,news:art_6fa8b272bf847b9fe39a46ca,news,Home bias can lead investors to favor local markets over potentially better-performing international markets,3,3,0,3,ASX|CSL|S&P 500,1398|1399|1400,manual_review_only
active_fanout_0089,fanout_0102,news:art_6fa8b272bf847b9fe39a46ca,news,Home bias can limit diversification and exposure to better-performing markets,3,3,0,3,ASX|CSL|S&P 500,1419|1420|1421,manual_review_only
active_fanout_0090,fanout_0103,news:art_6fa8b272bf847b9fe39a46ca,news,Investors may be influenced by biases that can negatively impact their investment decisions,3,3,0,3,ASX|CSL|S&P 500,1416|1417|1418,manual_review_only
active_fanout_0091,fanout_0104,news:art_6fa8b272bf847b9fe39a46ca,news,Loss aversion can prevent investors from making rational decisions,3,3,0,3,ASX|CSL|S&P 500,1410|1411|1412,manual_review_only
active_fanout_0092,fanout_0105,news:art_6fa8b272bf847b9fe39a46ca,news,Overconfidence can lead to ignoring mistakes and relying on luck,3,3,0,3,ASX|CSL|S&P 500,1434|1435|1436,manual_review_only
active_fanout_0093,fanout_0106,news:art_6fa8b272bf847b9fe39a46ca,news,Overconfidence can lead to overlooking mistakes and relying on luck,3,3,0,3,ASX|CSL|S&P 500,1413|1414|1415,manual_review_only
active_fanout_0094,fanout_0107,news:art_6fa8b272bf847b9fe39a46ca,news,Recency bias can cause investors to focus too much on recent market trends,3,3,0,3,ASX|CSL|S&P 500,1404|1405|1406,manual_review_only
