row_id,company_id,memory_type,statement,source,source_id,status_before,status_after,first_seen_at,last_seen_at,closed_at,cleanup_timestamp,approval_id
15,ASX,observed_fact,ATLASSIAN's share price is up about 30% due to better-than-expected results,commentary:youtube_transcript,youtube_transcript:asx-daily-rundown-atlassian-lifts-tech-a2-milk-recall-shock-accent-group-all-time-lows:88e960386e503796,active,expired,2026-05-04T08:23:27+00:00,2026-05-04T08:23:27+00:00,,2026-05-05T07:52:15+00:00,approved_by_user_20260505_first_batch_249
16,TXT,observed_fact,ATLASSIAN's share price is up about 30% due to better-than-expected results,commentary:youtube_transcript,youtube_transcript:asx-daily-rundown-atlassian-lifts-tech-a2-milk-recall-shock-accent-group-all-time-lows:88e960386e503796,active,expired,2026-05-04T08:23:27+00:00,2026-05-04T08:23:27+00:00,,2026-05-05T07:52:15+00:00,approved_by_user_20260505_first_batch_249
17,XTX,observed_fact,ATLASSIAN's share price is up about 30% due to better-than-expected results,commentary:youtube_transcript,youtube_transcript:asx-daily-rundown-atlassian-lifts-tech-a2-milk-recall-shock-accent-group-all-time-lows:88e960386e503796,active,expired,2026-05-04T08:23:27+00:00,2026-05-04T08:23:27+00:00,,2026-05-05T07:52:15+00:00,approved_by_user_20260505_first_batch_249
18,A2 MILK,observed_fact,ATLASSIAN's share price is up about 30% due to better-than-expected results,commentary:youtube_transcript,youtube_transcript:asx-daily-rundown-atlassian-lifts-tech-a2-milk-recall-shock-accent-group-all-time-lows:88e960386e503796,active,expired,2026-05-04T08:23:27+00:00,2026-05-04T08:23:27+00:00,,2026-05-05T07:52:15+00:00,approved_by_user_20260505_first_batch_249
19,ENDEAVOR GROUP,observed_fact,ATLASSIAN's share price is up about 30% due to better-than-expected results,commentary:youtube_transcript,youtube_transcript:asx-daily-rundown-atlassian-lifts-tech-a2-milk-recall-shock-accent-group-all-time-lows:88e960386e503796,active,expired,2026-05-04T08:23:27+00:00,2026-05-04T08:23:27+00:00,,2026-05-05T07:52:15+00:00,approved_by_user_20260505_first_batch_249
21,NAB,observed_fact,ATLASSIAN's share price is up about 30% due to better-than-expected results,commentary:youtube_transcript,youtube_transcript:asx-daily-rundown-atlassian-lifts-tech-a2-milk-recall-shock-accent-group-all-time-lows:88e960386e503796,active,expired,2026-05-04T08:23:27+00:00,2026-05-04T08:23:27+00:00,,2026-05-05T07:52:15+00:00,approved_by_user_20260505_first_batch_249
22,BHP,observed_fact,ATLASSIAN's share price is up about 30% due to better-than-expected results,commentary:youtube_transcript,youtube_transcript:asx-daily-rundown-atlassian-lifts-tech-a2-milk-recall-shock-accent-group-all-time-lows:88e960386e503796,active,expired,2026-05-04T08:23:27+00:00,2026-05-04T08:23:27+00:00,,2026-05-05T07:52:15+00:00,approved_by_user_20260505_first_batch_249
23,KEY PETROLEUM,observed_fact,ATLASSIAN's share price is up about 30% due to better-than-expected results,commentary:youtube_transcript,youtube_transcript:asx-daily-rundown-atlassian-lifts-tech-a2-milk-recall-shock-accent-group-all-time-lows:88e960386e503796,active,expired,2026-05-04T08:23:27+00:00,2026-05-04T08:23:27+00:00,,2026-05-05T07:52:15+00:00,approved_by_user_20260505_first_batch_249
24,GCM CORPORATION,observed_fact,ATLASSIAN's share price is up about 30% due to better-than-expected results,commentary:youtube_transcript,youtube_transcript:asx-daily-rundown-atlassian-lifts-tech-a2-milk-recall-shock-accent-group-all-time-lows:88e960386e503796,active,expired,2026-05-04T08:23:27+00:00,2026-05-04T08:23:27+00:00,,2026-05-05T07:52:15+00:00,approved_by_user_20260505_first_batch_249
25,MARINO AND CO,observed_fact,ATLASSIAN's share price is up about 30% due to better-than-expected results,commentary:youtube_transcript,youtube_transcript:asx-daily-rundown-atlassian-lifts-tech-a2-milk-recall-shock-accent-group-all-time-lows:88e960386e503796,active,expired,2026-05-04T08:23:27+00:00,2026-05-04T08:23:27+00:00,,2026-05-05T07:52:15+00:00,approved_by_user_20260505_first_batch_249
26,CLARITY,observed_fact,ATLASSIAN's share price is up about 30% due to better-than-expected results,commentary:youtube_transcript,youtube_transcript:asx-daily-rundown-atlassian-lifts-tech-a2-milk-recall-shock-accent-group-all-time-lows:88e960386e503796,active,expired,2026-05-04T08:23:27+00:00,2026-05-04T08:23:27+00:00,,2026-05-05T07:52:15+00:00,approved_by_user_20260505_first_batch_249
27,WIN MEDALS,observed_fact,ATLASSIAN's share price is up about 30% due to better-than-expected results,commentary:youtube_transcript,youtube_transcript:asx-daily-rundown-atlassian-lifts-tech-a2-milk-recall-shock-accent-group-all-time-lows:88e960386e503796,active,expired,2026-05-04T08:23:27+00:00,2026-05-04T08:23:27+00:00,,2026-05-05T07:52:15+00:00,approved_by_user_20260505_first_batch_249
28,AXEN GROUP,observed_fact,ATLASSIAN's share price is up about 30% due to better-than-expected results,commentary:youtube_transcript,youtube_transcript:asx-daily-rundown-atlassian-lifts-tech-a2-milk-recall-shock-accent-group-all-time-lows:88e960386e503796,active,expired,2026-05-04T08:23:27+00:00,2026-05-04T08:23:27+00:00,,2026-05-05T07:52:15+00:00,approved_by_user_20260505_first_batch_249
29,STRICKLAND METALS,observed_fact,ATLASSIAN's share price is up about 30% due to better-than-expected results,commentary:youtube_transcript,youtube_transcript:asx-daily-rundown-atlassian-lifts-tech-a2-milk-recall-shock-accent-group-all-time-lows:88e960386e503796,active,expired,2026-05-04T08:23:27+00:00,2026-05-04T08:23:27+00:00,,2026-05-05T07:52:15+00:00,approved_by_user_20260505_first_batch_249
30,LION TOWN,observed_fact,ATLASSIAN's share price is up about 30% due to better-than-expected results,commentary:youtube_transcript,youtube_transcript:asx-daily-rundown-atlassian-lifts-tech-a2-milk-recall-shock-accent-group-all-time-lows:88e960386e503796,active,expired,2026-05-04T08:23:27+00:00,2026-05-04T08:23:27+00:00,,2026-05-05T07:52:15+00:00,approved_by_user_20260505_first_batch_249
31,IMRO,observed_fact,ATLASSIAN's share price is up about 30% due to better-than-expected results,commentary:youtube_transcript,youtube_transcript:asx-daily-rundown-atlassian-lifts-tech-a2-milk-recall-shock-accent-group-all-time-lows:88e960386e503796,active,expired,2026-05-04T08:23:27+00:00,2026-05-04T08:23:27+00:00,,2026-05-05T07:52:15+00:00,approved_by_user_20260505_first_batch_249
32,PENINSULA,observed_fact,ATLASSIAN's share price is up about 30% due to better-than-expected results,commentary:youtube_transcript,youtube_transcript:asx-daily-rundown-atlassian-lifts-tech-a2-milk-recall-shock-accent-group-all-time-lows:88e960386e503796,active,expired,2026-05-04T08:23:27+00:00,2026-05-04T08:23:27+00:00,,2026-05-05T07:52:15+00:00,approved_by_user_20260505_first_batch_249
33,BRAIN CHIP,observed_fact,ATLASSIAN's share price is up about 30% due to better-than-expected results,commentary:youtube_transcript,youtube_transcript:asx-daily-rundown-atlassian-lifts-tech-a2-milk-recall-shock-accent-group-all-time-lows:88e960386e503796,active,expired,2026-05-04T08:23:27+00:00,2026-05-04T08:23:27+00:00,,2026-05-05T07:52:15+00:00,approved_by_user_20260505_first_batch_249
34,VERITUS,observed_fact,ATLASSIAN's share price is up about 30% due to better-than-expected results,commentary:youtube_transcript,youtube_transcript:asx-daily-rundown-atlassian-lifts-tech-a2-milk-recall-shock-accent-group-all-time-lows:88e960386e503796,active,expired,2026-05-04T08:23:28+00:00,2026-05-04T08:23:28+00:00,,2026-05-05T07:52:15+00:00,approved_by_user_20260505_first_batch_249
35,PETTIMED,observed_fact,ATLASSIAN's share price is up about 30% due to better-than-expected results,commentary:youtube_transcript,youtube_transcript:asx-daily-rundown-atlassian-lifts-tech-a2-milk-recall-shock-accent-group-all-time-lows:88e960386e503796,active,expired,2026-05-04T08:23:28+00:00,2026-05-04T08:23:28+00:00,,2026-05-05T07:52:15+00:00,approved_by_user_20260505_first_batch_249
36,IMPEDIMED,observed_fact,ATLASSIAN's share price is up about 30% due to better-than-expected results,commentary:youtube_transcript,youtube_transcript:asx-daily-rundown-atlassian-lifts-tech-a2-milk-recall-shock-accent-group-all-time-lows:88e960386e503796,active,expired,2026-05-04T08:23:28+00:00,2026-05-04T08:23:28+00:00,,2026-05-05T07:52:15+00:00,approved_by_user_20260505_first_batch_249
37,INDE,observed_fact,ATLASSIAN's share price is up about 30% due to better-than-expected results,commentary:youtube_transcript,youtube_transcript:asx-daily-rundown-atlassian-lifts-tech-a2-milk-recall-shock-accent-group-all-time-lows:88e960386e503796,active,expired,2026-05-04T08:23:28+00:00,2026-05-04T08:23:28+00:00,,2026-05-05T07:52:15+00:00,approved_by_user_20260505_first_batch_249
38,PETT,observed_fact,ATLASSIAN's share price is up about 30% due to better-than-expected results,commentary:youtube_transcript,youtube_transcript:asx-daily-rundown-atlassian-lifts-tech-a2-milk-recall-shock-accent-group-all-time-lows:88e960386e503796,active,expired,2026-05-04T08:23:28+00:00,2026-05-04T08:23:28+00:00,,2026-05-05T07:52:15+00:00,approved_by_user_20260505_first_batch_249
39,C79,observed_fact,ATLASSIAN's share price is up about 30% due to better-than-expected results,commentary:youtube_transcript,youtube_transcript:asx-daily-rundown-atlassian-lifts-tech-a2-milk-recall-shock-accent-group-all-time-lows:88e960386e503796,active,expired,2026-05-04T08:23:28+00:00,2026-05-04T08:23:28+00:00,,2026-05-05T07:52:15+00:00,approved_by_user_20260505_first_batch_249
40,A2M,observed_fact,ATLASSIAN's share price is up about 30% due to better-than-expected results,commentary:youtube_transcript,youtube_transcript:asx-daily-rundown-atlassian-lifts-tech-a2-milk-recall-shock-accent-group-all-time-lows:88e960386e503796,active,expired,2026-05-04T08:23:28+00:00,2026-05-04T08:23:28+00:00,,2026-05-05T07:52:15+00:00,approved_by_user_20260505_first_batch_249
41,ACCENT GROUP,observed_fact,ATLASSIAN's share price is up about 30% due to better-than-expected results,commentary:youtube_transcript,youtube_transcript:asx-daily-rundown-atlassian-lifts-tech-a2-milk-recall-shock-accent-group-all-time-lows:88e960386e503796,active,expired,2026-05-04T08:23:28+00:00,2026-05-04T08:23:28+00:00,,2026-05-05T07:52:15+00:00,approved_by_user_20260505_first_batch_249
668,END,observed_fact,Atlassian's share price is up about 30% due to better-than-expected results,commentary:youtube_transcript,youtube_transcript:asx-daily-rundown-atlassian-lifts-tech-a2-milk-recall-shock-accent-group-all-time-lows:88e960386e503796,active,expired,2026-05-04T08:25:06+00:00,2026-05-04T08:25:06+00:00,,2026-05-05T07:52:15+00:00,approved_by_user_20260505_first_batch_249
669,COH,observed_fact,Atlassian's share price is up about 30% due to better-than-expected results,commentary:youtube_transcript,youtube_transcript:asx-daily-rundown-atlassian-lifts-tech-a2-milk-recall-shock-accent-group-all-time-lows:88e960386e503796,active,expired,2026-05-04T08:25:06+00:00,2026-05-04T08:25:06+00:00,,2026-05-05T07:52:15+00:00,approved_by_user_20260505_first_batch_249
670,WES,observed_fact,Atlassian's share price is up about 30% due to better-than-expected results,commentary:youtube_transcript,youtube_transcript:asx-daily-rundown-atlassian-lifts-tech-a2-milk-recall-shock-accent-group-all-time-lows:88e960386e503796,active,expired,2026-05-04T08:25:06+00:00,2026-05-04T08:25:06+00:00,,2026-05-05T07:52:15+00:00,approved_by_user_20260505_first_batch_249
671,WBC,observed_fact,Atlassian's share price is up about 30% due to better-than-expected results,commentary:youtube_transcript,youtube_transcript:asx-daily-rundown-atlassian-lifts-tech-a2-milk-recall-shock-accent-group-all-time-lows:88e960386e503796,active,expired,2026-05-04T08:25:06+00:00,2026-05-04T08:25:06+00:00,,2026-05-05T07:52:15+00:00,approved_by_user_20260505_first_batch_249
672,KEY,observed_fact,Atlassian's share price is up about 30% due to better-than-expected results,commentary:youtube_transcript,youtube_transcript:asx-daily-rundown-atlassian-lifts-tech-a2-milk-recall-shock-accent-group-all-time-lows:88e960386e503796,active,expired,2026-05-04T08:25:06+00:00,2026-05-04T08:25:06+00:00,,2026-05-05T07:52:15+00:00,approved_by_user_20260505_first_batch_249
673,GCM,observed_fact,Atlassian's share price is up about 30% due to better-than-expected results,commentary:youtube_transcript,youtube_transcript:asx-daily-rundown-atlassian-lifts-tech-a2-milk-recall-shock-accent-group-all-time-lows:88e960386e503796,active,expired,2026-05-04T08:25:06+00:00,2026-05-04T08:25:06+00:00,,2026-05-05T07:52:15+00:00,approved_by_user_20260505_first_batch_249
674,MAR,observed_fact,Atlassian's share price is up about 30% due to better-than-expected results,commentary:youtube_transcript,youtube_transcript:asx-daily-rundown-atlassian-lifts-tech-a2-milk-recall-shock-accent-group-all-time-lows:88e960386e503796,active,expired,2026-05-04T08:25:07+00:00,2026-05-04T08:25:07+00:00,,2026-05-05T07:52:15+00:00,approved_by_user_20260505_first_batch_249
675,CLT,observed_fact,Atlassian's share price is up about 30% due to better-than-expected results,commentary:youtube_transcript,youtube_transcript:asx-daily-rundown-atlassian-lifts-tech-a2-milk-recall-shock-accent-group-all-time-lows:88e960386e503796,active,expired,2026-05-04T08:25:08+00:00,2026-05-04T08:25:08+00:00,,2026-05-05T07:52:15+00:00,approved_by_user_20260505_first_batch_249
676,WIN,observed_fact,Atlassian's share price is up about 30% due to better-than-expected results,commentary:youtube_transcript,youtube_transcript:asx-daily-rundown-atlassian-lifts-tech-a2-milk-recall-shock-accent-group-all-time-lows:88e960386e503796,active,expired,2026-05-04T08:25:08+00:00,2026-05-04T08:25:08+00:00,,2026-05-05T07:52:15+00:00,approved_by_user_20260505_first_batch_249
677,SKT,observed_fact,Atlassian's share price is up about 30% due to better-than-expected results,commentary:youtube_transcript,youtube_transcript:asx-daily-rundown-atlassian-lifts-tech-a2-milk-recall-shock-accent-group-all-time-lows:88e960386e503796,active,expired,2026-05-04T08:25:08+00:00,2026-05-04T08:25:08+00:00,,2026-05-05T07:52:15+00:00,approved_by_user_20260505_first_batch_249
678,VCE,observed_fact,Atlassian's share price is up about 30% due to better-than-expected results,commentary:youtube_transcript,youtube_transcript:asx-daily-rundown-atlassian-lifts-tech-a2-milk-recall-shock-accent-group-all-time-lows:88e960386e503796,active,expired,2026-05-04T08:25:08+00:00,2026-05-04T08:25:08+00:00,,2026-05-05T07:52:15+00:00,approved_by_user_20260505_first_batch_249
679,SNW,observed_fact,Atlassian's share price is up about 30% due to better-than-expected results,commentary:youtube_transcript,youtube_transcript:asx-daily-rundown-atlassian-lifts-tech-a2-milk-recall-shock-accent-group-all-time-lows:88e960386e503796,active,expired,2026-05-04T08:25:08+00:00,2026-05-04T08:25:08+00:00,,2026-05-05T07:52:15+00:00,approved_by_user_20260505_first_batch_249
680,LON,observed_fact,Atlassian's share price is up about 30% due to better-than-expected results,commentary:youtube_transcript,youtube_transcript:asx-daily-rundown-atlassian-lifts-tech-a2-milk-recall-shock-accent-group-all-time-lows:88e960386e503796,active,expired,2026-05-04T08:25:08+00:00,2026-05-04T08:25:08+00:00,,2026-05-05T07:52:15+00:00,approved_by_user_20260505_first_batch_249
681,PET,observed_fact,Atlassian's share price is up about 30% due to better-than-expected results,commentary:youtube_transcript,youtube_transcript:asx-daily-rundown-atlassian-lifts-tech-a2-milk-recall-shock-accent-group-all-time-lows:88e960386e503796,active,expired,2026-05-04T08:25:08+00:00,2026-05-04T08:25:08+00:00,,2026-05-05T07:52:15+00:00,approved_by_user_20260505_first_batch_249
682,STK,observed_fact,Atlassian's share price is up about 30% due to better-than-expected results,commentary:youtube_transcript,youtube_transcript:asx-daily-rundown-atlassian-lifts-tech-a2-milk-recall-shock-accent-group-all-time-lows:88e960386e503796,active,expired,2026-05-04T08:25:08+00:00,2026-05-04T08:25:08+00:00,,2026-05-05T07:52:15+00:00,approved_by_user_20260505_first_batch_249
1607,ENDV,observed_fact,Atlassian's share price is up about 30% due to better-than-expected results,commentary:youtube_transcript,youtube_transcript:asx-daily-rundown-atlassian-lifts-tech-a2-milk-recall-shock-accent-group-all-time-lows:88e960386e503796,active,expired,2026-05-05T04:19:04+00:00,2026-05-05T04:19:04+00:00,,2026-05-05T07:52:15+00:00,approved_by_user_20260505_first_batch_249
1608,KEYP,observed_fact,Atlassian's share price is up about 30% due to better-than-expected results,commentary:youtube_transcript,youtube_transcript:asx-daily-rundown-atlassian-lifts-tech-a2-milk-recall-shock-accent-group-all-time-lows:88e960386e503796,active,expired,2026-05-05T04:19:05+00:00,2026-05-05T04:19:05+00:00,,2026-05-05T07:52:15+00:00,approved_by_user_20260505_first_batch_249
1609,GCMC,observed_fact,Atlassian's share price is up about 30% due to better-than-expected results,commentary:youtube_transcript,youtube_transcript:asx-daily-rundown-atlassian-lifts-tech-a2-milk-recall-shock-accent-group-all-time-lows:88e960386e503796,active,expired,2026-05-05T04:19:05+00:00,2026-05-05T04:19:05+00:00,,2026-05-05T07:52:15+00:00,approved_by_user_20260505_first_batch_249
1610,MARINO,observed_fact,Atlassian's share price is up about 30% due to better-than-expected results,commentary:youtube_transcript,youtube_transcript:asx-daily-rundown-atlassian-lifts-tech-a2-milk-recall-shock-accent-group-all-time-lows:88e960386e503796,active,expired,2026-05-05T04:19:05+00:00,2026-05-05T04:19:05+00:00,,2026-05-05T07:52:15+00:00,approved_by_user_20260505_first_batch_249
1611,CLAR,observed_fact,Atlassian's share price is up about 30% due to better-than-expected results,commentary:youtube_transcript,youtube_transcript:asx-daily-rundown-atlassian-lifts-tech-a2-milk-recall-shock-accent-group-all-time-lows:88e960386e503796,active,expired,2026-05-05T04:19:05+00:00,2026-05-05T04:19:05+00:00,,2026-05-05T07:52:15+00:00,approved_by_user_20260505_first_batch_249
1612,LIVN,observed_fact,Atlassian's share price is up about 30% due to better-than-expected results,commentary:youtube_transcript,youtube_transcript:asx-daily-rundown-atlassian-lifts-tech-a2-milk-recall-shock-accent-group-all-time-lows:88e960386e503796,active,expired,2026-05-05T04:19:05+00:00,2026-05-05T04:19:05+00:00,,2026-05-05T07:52:15+00:00,approved_by_user_20260505_first_batch_249
1613,SN,observed_fact,Atlassian's share price is up about 30% due to better-than-expected results,commentary:youtube_transcript,youtube_transcript:asx-daily-rundown-atlassian-lifts-tech-a2-milk-recall-shock-accent-group-all-time-lows:88e960386e503796,active,expired,2026-05-05T04:19:05+00:00,2026-05-05T04:19:05+00:00,,2026-05-05T07:52:15+00:00,approved_by_user_20260505_first_batch_249
1614,LION,observed_fact,Atlassian's share price is up about 30% due to better-than-expected results,commentary:youtube_transcript,youtube_transcript:asx-daily-rundown-atlassian-lifts-tech-a2-milk-recall-shock-accent-group-all-time-lows:88e960386e503796,active,expired,2026-05-05T04:19:05+00:00,2026-05-05T04:19:05+00:00,,2026-05-05T07:52:15+00:00,approved_by_user_20260505_first_batch_249
393,ASX,catalyst,ATLASSIAN's better-than-expected results,commentary:youtube_transcript,youtube_transcript:asx-daily-rundown-atlassian-lifts-tech-a2-milk-recall-shock-accent-group-all-time-lows:88e960386e503796,active,expired,2026-05-04T08:24:19+00:00,2026-05-04T08:24:19+00:00,,2026-05-05T07:52:15+00:00,approved_by_user_20260505_first_batch_249
394,TXT,catalyst,ATLASSIAN's better-than-expected results,commentary:youtube_transcript,youtube_transcript:asx-daily-rundown-atlassian-lifts-tech-a2-milk-recall-shock-accent-group-all-time-lows:88e960386e503796,active,expired,2026-05-04T08:24:19+00:00,2026-05-04T08:24:19+00:00,,2026-05-05T07:52:15+00:00,approved_by_user_20260505_first_batch_249
395,XTX,catalyst,ATLASSIAN's better-than-expected results,commentary:youtube_transcript,youtube_transcript:asx-daily-rundown-atlassian-lifts-tech-a2-milk-recall-shock-accent-group-all-time-lows:88e960386e503796,active,expired,2026-05-04T08:24:20+00:00,2026-05-04T08:24:20+00:00,,2026-05-05T07:52:15+00:00,approved_by_user_20260505_first_batch_249
396,A2 MILK,catalyst,ATLASSIAN's better-than-expected results,commentary:youtube_transcript,youtube_transcript:asx-daily-rundown-atlassian-lifts-tech-a2-milk-recall-shock-accent-group-all-time-lows:88e960386e503796,active,expired,2026-05-04T08:24:20+00:00,2026-05-04T08:24:20+00:00,,2026-05-05T07:52:15+00:00,approved_by_user_20260505_first_batch_249
397,ENDEAVOR GROUP,catalyst,ATLASSIAN's better-than-expected results,commentary:youtube_transcript,youtube_transcript:asx-daily-rundown-atlassian-lifts-tech-a2-milk-recall-shock-accent-group-all-time-lows:88e960386e503796,active,expired,2026-05-04T08:24:20+00:00,2026-05-04T08:24:20+00:00,,2026-05-05T07:52:15+00:00,approved_by_user_20260505_first_batch_249
399,NAB,catalyst,ATLASSIAN's better-than-expected results,commentary:youtube_transcript,youtube_transcript:asx-daily-rundown-atlassian-lifts-tech-a2-milk-recall-shock-accent-group-all-time-lows:88e960386e503796,active,expired,2026-05-04T08:24:20+00:00,2026-05-04T08:24:20+00:00,,2026-05-05T07:52:15+00:00,approved_by_user_20260505_first_batch_249
400,BHP,catalyst,ATLASSIAN's better-than-expected results,commentary:youtube_transcript,youtube_transcript:asx-daily-rundown-atlassian-lifts-tech-a2-milk-recall-shock-accent-group-all-time-lows:88e960386e503796,active,expired,2026-05-04T08:24:20+00:00,2026-05-04T08:24:20+00:00,,2026-05-05T07:52:15+00:00,approved_by_user_20260505_first_batch_249
401,KEY PETROLEUM,catalyst,ATLASSIAN's better-than-expected results,commentary:youtube_transcript,youtube_transcript:asx-daily-rundown-atlassian-lifts-tech-a2-milk-recall-shock-accent-group-all-time-lows:88e960386e503796,active,expired,2026-05-04T08:24:20+00:00,2026-05-04T08:24:20+00:00,,2026-05-05T07:52:15+00:00,approved_by_user_20260505_first_batch_249
402,GCM CORPORATION,catalyst,ATLASSIAN's better-than-expected results,commentary:youtube_transcript,youtube_transcript:asx-daily-rundown-atlassian-lifts-tech-a2-milk-recall-shock-accent-group-all-time-lows:88e960386e503796,active,expired,2026-05-04T08:24:20+00:00,2026-05-04T08:24:20+00:00,,2026-05-05T07:52:15+00:00,approved_by_user_20260505_first_batch_249
403,MARINO AND CO,catalyst,ATLASSIAN's better-than-expected results,commentary:youtube_transcript,youtube_transcript:asx-daily-rundown-atlassian-lifts-tech-a2-milk-recall-shock-accent-group-all-time-lows:88e960386e503796,active,expired,2026-05-04T08:24:20+00:00,2026-05-04T08:24:20+00:00,,2026-05-05T07:52:15+00:00,approved_by_user_20260505_first_batch_249
404,CLARITY,catalyst,ATLASSIAN's better-than-expected results,commentary:youtube_transcript,youtube_transcript:asx-daily-rundown-atlassian-lifts-tech-a2-milk-recall-shock-accent-group-all-time-lows:88e960386e503796,active,expired,2026-05-04T08:24:20+00:00,2026-05-04T08:24:20+00:00,,2026-05-05T07:52:15+00:00,approved_by_user_20260505_first_batch_249
405,WIN MEDALS,catalyst,ATLASSIAN's better-than-expected results,commentary:youtube_transcript,youtube_transcript:asx-daily-rundown-atlassian-lifts-tech-a2-milk-recall-shock-accent-group-all-time-lows:88e960386e503796,active,expired,2026-05-04T08:24:20+00:00,2026-05-04T08:24:20+00:00,,2026-05-05T07:52:15+00:00,approved_by_user_20260505_first_batch_249
406,AXEN GROUP,catalyst,ATLASSIAN's better-than-expected results,commentary:youtube_transcript,youtube_transcript:asx-daily-rundown-atlassian-lifts-tech-a2-milk-recall-shock-accent-group-all-time-lows:88e960386e503796,active,expired,2026-05-04T08:24:20+00:00,2026-05-04T08:24:20+00:00,,2026-05-05T07:52:15+00:00,approved_by_user_20260505_first_batch_249
407,STRICKLAND METALS,catalyst,ATLASSIAN's better-than-expected results,commentary:youtube_transcript,youtube_transcript:asx-daily-rundown-atlassian-lifts-tech-a2-milk-recall-shock-accent-group-all-time-lows:88e960386e503796,active,expired,2026-05-04T08:24:21+00:00,2026-05-04T08:24:21+00:00,,2026-05-05T07:52:15+00:00,approved_by_user_20260505_first_batch_249
408,LION TOWN,catalyst,ATLASSIAN's better-than-expected results,commentary:youtube_transcript,youtube_transcript:asx-daily-rundown-atlassian-lifts-tech-a2-milk-recall-shock-accent-group-all-time-lows:88e960386e503796,active,expired,2026-05-04T08:24:21+00:00,2026-05-04T08:24:21+00:00,,2026-05-05T07:52:15+00:00,approved_by_user_20260505_first_batch_249
409,IMRO,catalyst,ATLASSIAN's better-than-expected results,commentary:youtube_transcript,youtube_transcript:asx-daily-rundown-atlassian-lifts-tech-a2-milk-recall-shock-accent-group-all-time-lows:88e960386e503796,active,expired,2026-05-04T08:24:22+00:00,2026-05-04T08:24:22+00:00,,2026-05-05T07:52:15+00:00,approved_by_user_20260505_first_batch_249
410,PENINSULA,catalyst,ATLASSIAN's better-than-expected results,commentary:youtube_transcript,youtube_transcript:asx-daily-rundown-atlassian-lifts-tech-a2-milk-recall-shock-accent-group-all-time-lows:88e960386e503796,active,expired,2026-05-04T08:24:22+00:00,2026-05-04T08:24:22+00:00,,2026-05-05T07:52:15+00:00,approved_by_user_20260505_first_batch_249
411,BRAIN CHIP,catalyst,ATLASSIAN's better-than-expected results,commentary:youtube_transcript,youtube_transcript:asx-daily-rundown-atlassian-lifts-tech-a2-milk-recall-shock-accent-group-all-time-lows:88e960386e503796,active,expired,2026-05-04T08:24:22+00:00,2026-05-04T08:24:22+00:00,,2026-05-05T07:52:15+00:00,approved_by_user_20260505_first_batch_249
412,VERITUS,catalyst,ATLASSIAN's better-than-expected results,commentary:youtube_transcript,youtube_transcript:asx-daily-rundown-atlassian-lifts-tech-a2-milk-recall-shock-accent-group-all-time-lows:88e960386e503796,active,expired,2026-05-04T08:24:22+00:00,2026-05-04T08:24:22+00:00,,2026-05-05T07:52:15+00:00,approved_by_user_20260505_first_batch_249
413,PETTIMED,catalyst,ATLASSIAN's better-than-expected results,commentary:youtube_transcript,youtube_transcript:asx-daily-rundown-atlassian-lifts-tech-a2-milk-recall-shock-accent-group-all-time-lows:88e960386e503796,active,expired,2026-05-04T08:24:22+00:00,2026-05-04T08:24:22+00:00,,2026-05-05T07:52:15+00:00,approved_by_user_20260505_first_batch_249
414,IMPEDIMED,catalyst,ATLASSIAN's better-than-expected results,commentary:youtube_transcript,youtube_transcript:asx-daily-rundown-atlassian-lifts-tech-a2-milk-recall-shock-accent-group-all-time-lows:88e960386e503796,active,expired,2026-05-04T08:24:22+00:00,2026-05-04T08:24:22+00:00,,2026-05-05T07:52:15+00:00,approved_by_user_20260505_first_batch_249
415,INDE,catalyst,ATLASSIAN's better-than-expected results,commentary:youtube_transcript,youtube_transcript:asx-daily-rundown-atlassian-lifts-tech-a2-milk-recall-shock-accent-group-all-time-lows:88e960386e503796,active,expired,2026-05-04T08:24:22+00:00,2026-05-04T08:24:22+00:00,,2026-05-05T07:52:15+00:00,approved_by_user_20260505_first_batch_249
416,PETT,catalyst,ATLASSIAN's better-than-expected results,commentary:youtube_transcript,youtube_transcript:asx-daily-rundown-atlassian-lifts-tech-a2-milk-recall-shock-accent-group-all-time-lows:88e960386e503796,active,expired,2026-05-04T08:24:22+00:00,2026-05-04T08:24:22+00:00,,2026-05-05T07:52:15+00:00,approved_by_user_20260505_first_batch_249
417,C79,catalyst,ATLASSIAN's better-than-expected results,commentary:youtube_transcript,youtube_transcript:asx-daily-rundown-atlassian-lifts-tech-a2-milk-recall-shock-accent-group-all-time-lows:88e960386e503796,active,expired,2026-05-04T08:24:22+00:00,2026-05-04T08:24:22+00:00,,2026-05-05T07:52:15+00:00,approved_by_user_20260505_first_batch_249
418,A2M,catalyst,ATLASSIAN's better-than-expected results,commentary:youtube_transcript,youtube_transcript:asx-daily-rundown-atlassian-lifts-tech-a2-milk-recall-shock-accent-group-all-time-lows:88e960386e503796,active,expired,2026-05-04T08:24:22+00:00,2026-05-04T08:24:22+00:00,,2026-05-05T07:52:15+00:00,approved_by_user_20260505_first_batch_249
419,ACCENT GROUP,catalyst,ATLASSIAN's better-than-expected results,commentary:youtube_transcript,youtube_transcript:asx-daily-rundown-atlassian-lifts-tech-a2-milk-recall-shock-accent-group-all-time-lows:88e960386e503796,active,expired,2026-05-04T08:24:22+00:00,2026-05-04T08:24:22+00:00,,2026-05-05T07:52:15+00:00,approved_by_user_20260505_first_batch_249
1737,ENDV,catalyst,Atlassian's better-than-expected results,commentary:youtube_transcript,youtube_transcript:asx-daily-rundown-atlassian-lifts-tech-a2-milk-recall-shock-accent-group-all-time-lows:88e960386e503796,active,expired,2026-05-05T04:20:30+00:00,2026-05-05T04:20:30+00:00,,2026-05-05T07:52:15+00:00,approved_by_user_20260505_first_batch_249
1738,COH,catalyst,Atlassian's better-than-expected results,commentary:youtube_transcript,youtube_transcript:asx-daily-rundown-atlassian-lifts-tech-a2-milk-recall-shock-accent-group-all-time-lows:88e960386e503796,active,expired,2026-05-05T04:20:30+00:00,2026-05-05T04:20:30+00:00,,2026-05-05T07:52:15+00:00,approved_by_user_20260505_first_batch_249
1739,WES,catalyst,Atlassian's better-than-expected results,commentary:youtube_transcript,youtube_transcript:asx-daily-rundown-atlassian-lifts-tech-a2-milk-recall-shock-accent-group-all-time-lows:88e960386e503796,active,expired,2026-05-05T04:20:31+00:00,2026-05-05T04:20:31+00:00,,2026-05-05T07:52:15+00:00,approved_by_user_20260505_first_batch_249
1740,WBC,catalyst,Atlassian's better-than-expected results,commentary:youtube_transcript,youtube_transcript:asx-daily-rundown-atlassian-lifts-tech-a2-milk-recall-shock-accent-group-all-time-lows:88e960386e503796,active,expired,2026-05-05T04:20:32+00:00,2026-05-05T04:20:32+00:00,,2026-05-05T07:52:15+00:00,approved_by_user_20260505_first_batch_249
1741,KEYP,catalyst,Atlassian's better-than-expected results,commentary:youtube_transcript,youtube_transcript:asx-daily-rundown-atlassian-lifts-tech-a2-milk-recall-shock-accent-group-all-time-lows:88e960386e503796,active,expired,2026-05-05T04:20:32+00:00,2026-05-05T04:20:32+00:00,,2026-05-05T07:52:15+00:00,approved_by_user_20260505_first_batch_249
1742,GCMC,catalyst,Atlassian's better-than-expected results,commentary:youtube_transcript,youtube_transcript:asx-daily-rundown-atlassian-lifts-tech-a2-milk-recall-shock-accent-group-all-time-lows:88e960386e503796,active,expired,2026-05-05T04:20:32+00:00,2026-05-05T04:20:32+00:00,,2026-05-05T07:52:15+00:00,approved_by_user_20260505_first_batch_249
1743,MARINO,catalyst,Atlassian's better-than-expected results,commentary:youtube_transcript,youtube_transcript:asx-daily-rundown-atlassian-lifts-tech-a2-milk-recall-shock-accent-group-all-time-lows:88e960386e503796,active,expired,2026-05-05T04:20:33+00:00,2026-05-05T04:20:33+00:00,,2026-05-05T07:52:15+00:00,approved_by_user_20260505_first_batch_249
1744,CLAR,catalyst,Atlassian's better-than-expected results,commentary:youtube_transcript,youtube_transcript:asx-daily-rundown-atlassian-lifts-tech-a2-milk-recall-shock-accent-group-all-time-lows:88e960386e503796,active,expired,2026-05-05T04:20:33+00:00,2026-05-05T04:20:33+00:00,,2026-05-05T07:52:15+00:00,approved_by_user_20260505_first_batch_249
1745,WIN,catalyst,Atlassian's better-than-expected results,commentary:youtube_transcript,youtube_transcript:asx-daily-rundown-atlassian-lifts-tech-a2-milk-recall-shock-accent-group-all-time-lows:88e960386e503796,active,expired,2026-05-05T04:20:33+00:00,2026-05-05T04:20:33+00:00,,2026-05-05T07:52:15+00:00,approved_by_user_20260505_first_batch_249
1746,LIVN,catalyst,Atlassian's better-than-expected results,commentary:youtube_transcript,youtube_transcript:asx-daily-rundown-atlassian-lifts-tech-a2-milk-recall-shock-accent-group-all-time-lows:88e960386e503796,active,expired,2026-05-05T04:20:33+00:00,2026-05-05T04:20:33+00:00,,2026-05-05T07:52:15+00:00,approved_by_user_20260505_first_batch_249
1747,SKT,catalyst,Atlassian's better-than-expected results,commentary:youtube_transcript,youtube_transcript:asx-daily-rundown-atlassian-lifts-tech-a2-milk-recall-shock-accent-group-all-time-lows:88e960386e503796,active,expired,2026-05-05T04:20:33+00:00,2026-05-05T04:20:33+00:00,,2026-05-05T07:52:15+00:00,approved_by_user_20260505_first_batch_249
1748,VCE,catalyst,Atlassian's better-than-expected results,commentary:youtube_transcript,youtube_transcript:asx-daily-rundown-atlassian-lifts-tech-a2-milk-recall-shock-accent-group-all-time-lows:88e960386e503796,active,expired,2026-05-05T04:20:34+00:00,2026-05-05T04:20:34+00:00,,2026-05-05T07:52:15+00:00,approved_by_user_20260505_first_batch_249
1749,SN,catalyst,Atlassian's better-than-expected results,commentary:youtube_transcript,youtube_transcript:asx-daily-rundown-atlassian-lifts-tech-a2-milk-recall-shock-accent-group-all-time-lows:88e960386e503796,active,expired,2026-05-05T04:20:34+00:00,2026-05-05T04:20:34+00:00,,2026-05-05T07:52:15+00:00,approved_by_user_20260505_first_batch_249
1750,LION,catalyst,Atlassian's better-than-expected results,commentary:youtube_transcript,youtube_transcript:asx-daily-rundown-atlassian-lifts-tech-a2-milk-recall-shock-accent-group-all-time-lows:88e960386e503796,active,expired,2026-05-05T04:20:34+00:00,2026-05-05T04:20:34+00:00,,2026-05-05T07:52:15+00:00,approved_by_user_20260505_first_batch_249
709,ASX,observed_fact,"NAB's half-year results were not good, showing very little growth",commentary:youtube_transcript,youtube_transcript:asx-daily-rundown-atlassian-lifts-tech-a2-milk-recall-shock-accent-group-all-time-lows:88e960386e503796,active,expired,2026-05-04T08:25:12+00:00,2026-05-04T08:25:12+00:00,,2026-05-05T07:52:15+00:00,approved_by_user_20260505_first_batch_249
710,TXT,observed_fact,"NAB's half-year results were not good, showing very little growth",commentary:youtube_transcript,youtube_transcript:asx-daily-rundown-atlassian-lifts-tech-a2-milk-recall-shock-accent-group-all-time-lows:88e960386e503796,active,expired,2026-05-04T08:25:12+00:00,2026-05-04T08:25:12+00:00,,2026-05-05T07:52:15+00:00,approved_by_user_20260505_first_batch_249
711,XTX,observed_fact,"NAB's half-year results were not good, showing very little growth",commentary:youtube_transcript,youtube_transcript:asx-daily-rundown-atlassian-lifts-tech-a2-milk-recall-shock-accent-group-all-time-lows:88e960386e503796,active,expired,2026-05-04T08:25:13+00:00,2026-05-04T08:25:13+00:00,,2026-05-05T07:52:15+00:00,approved_by_user_20260505_first_batch_249
712,A2M,observed_fact,"NAB's half-year results were not good, showing very little growth",commentary:youtube_transcript,youtube_transcript:asx-daily-rundown-atlassian-lifts-tech-a2-milk-recall-shock-accent-group-all-time-lows:88e960386e503796,active,expired,2026-05-04T08:25:13+00:00,2026-05-04T08:25:13+00:00,,2026-05-05T07:52:15+00:00,approved_by_user_20260505_first_batch_249
713,END,observed_fact,"NAB's half-year results were not good, showing very little growth",commentary:youtube_transcript,youtube_transcript:asx-daily-rundown-atlassian-lifts-tech-a2-milk-recall-shock-accent-group-all-time-lows:88e960386e503796,active,expired,2026-05-04T08:25:13+00:00,2026-05-04T08:25:13+00:00,,2026-05-05T07:52:15+00:00,approved_by_user_20260505_first_batch_249
714,COH,observed_fact,"NAB's half-year results were not good, showing very little growth",commentary:youtube_transcript,youtube_transcript:asx-daily-rundown-atlassian-lifts-tech-a2-milk-recall-shock-accent-group-all-time-lows:88e960386e503796,active,expired,2026-05-04T08:25:13+00:00,2026-05-04T08:25:13+00:00,,2026-05-05T07:52:15+00:00,approved_by_user_20260505_first_batch_249
715,WES,observed_fact,"NAB's half-year results were not good, showing very little growth",commentary:youtube_transcript,youtube_transcript:asx-daily-rundown-atlassian-lifts-tech-a2-milk-recall-shock-accent-group-all-time-lows:88e960386e503796,active,expired,2026-05-04T08:25:13+00:00,2026-05-04T08:25:13+00:00,,2026-05-05T07:52:15+00:00,approved_by_user_20260505_first_batch_249
716,BHP,observed_fact,"NAB's half-year results were not good, showing very little growth",commentary:youtube_transcript,youtube_transcript:asx-daily-rundown-atlassian-lifts-tech-a2-milk-recall-shock-accent-group-all-time-lows:88e960386e503796,active,expired,2026-05-04T08:25:13+00:00,2026-05-04T08:25:13+00:00,,2026-05-05T07:52:15+00:00,approved_by_user_20260505_first_batch_249
718,WBC,observed_fact,"NAB's half-year results were not good, showing very little growth",commentary:youtube_transcript,youtube_transcript:asx-daily-rundown-atlassian-lifts-tech-a2-milk-recall-shock-accent-group-all-time-lows:88e960386e503796,active,expired,2026-05-04T08:25:13+00:00,2026-05-04T08:25:13+00:00,,2026-05-05T07:52:15+00:00,approved_by_user_20260505_first_batch_249
719,KEY,observed_fact,"NAB's half-year results were not good, showing very little growth",commentary:youtube_transcript,youtube_transcript:asx-daily-rundown-atlassian-lifts-tech-a2-milk-recall-shock-accent-group-all-time-lows:88e960386e503796,active,expired,2026-05-04T08:25:13+00:00,2026-05-04T08:25:13+00:00,,2026-05-05T07:52:15+00:00,approved_by_user_20260505_first_batch_249
720,GCM,observed_fact,"NAB's half-year results were not good, showing very little growth",commentary:youtube_transcript,youtube_transcript:asx-daily-rundown-atlassian-lifts-tech-a2-milk-recall-shock-accent-group-all-time-lows:88e960386e503796,active,expired,2026-05-04T08:25:13+00:00,2026-05-04T08:25:13+00:00,,2026-05-05T07:52:15+00:00,approved_by_user_20260505_first_batch_249
721,MAR,observed_fact,"NAB's half-year results were not good, showing very little growth",commentary:youtube_transcript,youtube_transcript:asx-daily-rundown-atlassian-lifts-tech-a2-milk-recall-shock-accent-group-all-time-lows:88e960386e503796,active,expired,2026-05-04T08:25:13+00:00,2026-05-04T08:25:13+00:00,,2026-05-05T07:52:15+00:00,approved_by_user_20260505_first_batch_249
722,CLT,observed_fact,"NAB's half-year results were not good, showing very little growth",commentary:youtube_transcript,youtube_transcript:asx-daily-rundown-atlassian-lifts-tech-a2-milk-recall-shock-accent-group-all-time-lows:88e960386e503796,active,expired,2026-05-04T08:25:13+00:00,2026-05-04T08:25:13+00:00,,2026-05-05T07:52:15+00:00,approved_by_user_20260505_first_batch_249
723,WIN,observed_fact,"NAB's half-year results were not good, showing very little growth",commentary:youtube_transcript,youtube_transcript:asx-daily-rundown-atlassian-lifts-tech-a2-milk-recall-shock-accent-group-all-time-lows:88e960386e503796,active,expired,2026-05-04T08:25:13+00:00,2026-05-04T08:25:13+00:00,,2026-05-05T07:52:15+00:00,approved_by_user_20260505_first_batch_249
724,SKT,observed_fact,"NAB's half-year results were not good, showing very little growth",commentary:youtube_transcript,youtube_transcript:asx-daily-rundown-atlassian-lifts-tech-a2-milk-recall-shock-accent-group-all-time-lows:88e960386e503796,active,expired,2026-05-04T08:25:14+00:00,2026-05-04T08:25:14+00:00,,2026-05-05T07:52:15+00:00,approved_by_user_20260505_first_batch_249
725,VCE,observed_fact,"NAB's half-year results were not good, showing very little growth",commentary:youtube_transcript,youtube_transcript:asx-daily-rundown-atlassian-lifts-tech-a2-milk-recall-shock-accent-group-all-time-lows:88e960386e503796,active,expired,2026-05-04T08:25:14+00:00,2026-05-04T08:25:14+00:00,,2026-05-05T07:52:15+00:00,approved_by_user_20260505_first_batch_249
726,SNW,observed_fact,"NAB's half-year results were not good, showing very little growth",commentary:youtube_transcript,youtube_transcript:asx-daily-rundown-atlassian-lifts-tech-a2-milk-recall-shock-accent-group-all-time-lows:88e960386e503796,active,expired,2026-05-04T08:25:14+00:00,2026-05-04T08:25:14+00:00,,2026-05-05T07:52:15+00:00,approved_by_user_20260505_first_batch_249
727,LON,observed_fact,"NAB's half-year results were not good, showing very little growth",commentary:youtube_transcript,youtube_transcript:asx-daily-rundown-atlassian-lifts-tech-a2-milk-recall-shock-accent-group-all-time-lows:88e960386e503796,active,expired,2026-05-04T08:25:14+00:00,2026-05-04T08:25:14+00:00,,2026-05-05T07:52:15+00:00,approved_by_user_20260505_first_batch_249
728,PET,observed_fact,"NAB's half-year results were not good, showing very little growth",commentary:youtube_transcript,youtube_transcript:asx-daily-rundown-atlassian-lifts-tech-a2-milk-recall-shock-accent-group-all-time-lows:88e960386e503796,active,expired,2026-05-04T08:25:15+00:00,2026-05-04T08:25:15+00:00,,2026-05-05T07:52:15+00:00,approved_by_user_20260505_first_batch_249
729,STK,observed_fact,"NAB's half-year results were not good, showing very little growth",commentary:youtube_transcript,youtube_transcript:asx-daily-rundown-atlassian-lifts-tech-a2-milk-recall-shock-accent-group-all-time-lows:88e960386e503796,active,expired,2026-05-04T08:25:15+00:00,2026-05-04T08:25:15+00:00,,2026-05-05T07:52:15+00:00,approved_by_user_20260505_first_batch_249
730,INDE,observed_fact,"NAB's half-year results were not good, showing very little growth",commentary:youtube_transcript,youtube_transcript:asx-daily-rundown-atlassian-lifts-tech-a2-milk-recall-shock-accent-group-all-time-lows:88e960386e503796,active,expired,2026-05-04T08:25:15+00:00,2026-05-04T08:25:15+00:00,,2026-05-05T07:52:15+00:00,approved_by_user_20260505_first_batch_249
731,PETT,observed_fact,"NAB's half-year results were not good, showing very little growth",commentary:youtube_transcript,youtube_transcript:asx-daily-rundown-atlassian-lifts-tech-a2-milk-recall-shock-accent-group-all-time-lows:88e960386e503796,active,expired,2026-05-04T08:25:15+00:00,2026-05-04T08:25:15+00:00,,2026-05-05T07:52:15+00:00,approved_by_user_20260505_first_batch_249
732,C79,observed_fact,"NAB's half-year results were not good, showing very little growth",commentary:youtube_transcript,youtube_transcript:asx-daily-rundown-atlassian-lifts-tech-a2-milk-recall-shock-accent-group-all-time-lows:88e960386e503796,active,expired,2026-05-04T08:25:15+00:00,2026-05-04T08:25:15+00:00,,2026-05-05T07:52:15+00:00,approved_by_user_20260505_first_batch_249
733,A2 MILK,observed_fact,"NAB's half-year results were not good, showing very little growth",commentary:youtube_transcript,youtube_transcript:asx-daily-rundown-atlassian-lifts-tech-a2-milk-recall-shock-accent-group-all-time-lows:88e960386e503796,active,expired,2026-05-04T08:25:15+00:00,2026-05-04T08:25:15+00:00,,2026-05-05T07:52:15+00:00,approved_by_user_20260505_first_batch_249
734,ACCENT GROUP,observed_fact,"NAB's half-year results were not good, showing very little growth",commentary:youtube_transcript,youtube_transcript:asx-daily-rundown-atlassian-lifts-tech-a2-milk-recall-shock-accent-group-all-time-lows:88e960386e503796,active,expired,2026-05-04T08:25:15+00:00,2026-05-04T08:25:15+00:00,,2026-05-05T07:52:15+00:00,approved_by_user_20260505_first_batch_249
1640,ENDV,observed_fact,"NAB's half-year results were not good, showing very little growth",commentary:youtube_transcript,youtube_transcript:asx-daily-rundown-atlassian-lifts-tech-a2-milk-recall-shock-accent-group-all-time-lows:88e960386e503796,active,expired,2026-05-05T04:19:12+00:00,2026-05-05T04:19:12+00:00,,2026-05-05T07:52:15+00:00,approved_by_user_20260505_first_batch_249
1641,KEYP,observed_fact,"NAB's half-year results were not good, showing very little growth",commentary:youtube_transcript,youtube_transcript:asx-daily-rundown-atlassian-lifts-tech-a2-milk-recall-shock-accent-group-all-time-lows:88e960386e503796,active,expired,2026-05-05T04:19:13+00:00,2026-05-05T04:19:13+00:00,,2026-05-05T07:52:15+00:00,approved_by_user_20260505_first_batch_249
1642,GCMC,observed_fact,"NAB's half-year results were not good, showing very little growth",commentary:youtube_transcript,youtube_transcript:asx-daily-rundown-atlassian-lifts-tech-a2-milk-recall-shock-accent-group-all-time-lows:88e960386e503796,active,expired,2026-05-05T04:19:14+00:00,2026-05-05T04:19:14+00:00,,2026-05-05T07:52:15+00:00,approved_by_user_20260505_first_batch_249
1643,MARINO,observed_fact,"NAB's half-year results were not good, showing very little growth",commentary:youtube_transcript,youtube_transcript:asx-daily-rundown-atlassian-lifts-tech-a2-milk-recall-shock-accent-group-all-time-lows:88e960386e503796,active,expired,2026-05-05T04:19:14+00:00,2026-05-05T04:19:14+00:00,,2026-05-05T07:52:15+00:00,approved_by_user_20260505_first_batch_249
1644,CLAR,observed_fact,"NAB's half-year results were not good, showing very little growth",commentary:youtube_transcript,youtube_transcript:asx-daily-rundown-atlassian-lifts-tech-a2-milk-recall-shock-accent-group-all-time-lows:88e960386e503796,active,expired,2026-05-05T04:19:14+00:00,2026-05-05T04:19:14+00:00,,2026-05-05T07:52:15+00:00,approved_by_user_20260505_first_batch_249
1645,LIVN,observed_fact,"NAB's half-year results were not good, showing very little growth",commentary:youtube_transcript,youtube_transcript:asx-daily-rundown-atlassian-lifts-tech-a2-milk-recall-shock-accent-group-all-time-lows:88e960386e503796,active,expired,2026-05-05T04:19:14+00:00,2026-05-05T04:19:14+00:00,,2026-05-05T07:52:15+00:00,approved_by_user_20260505_first_batch_249
1646,SN,observed_fact,"NAB's half-year results were not good, showing very little growth",commentary:youtube_transcript,youtube_transcript:asx-daily-rundown-atlassian-lifts-tech-a2-milk-recall-shock-accent-group-all-time-lows:88e960386e503796,active,expired,2026-05-05T04:19:15+00:00,2026-05-05T04:19:15+00:00,,2026-05-05T07:52:15+00:00,approved_by_user_20260505_first_batch_249
1647,LION,observed_fact,"NAB's half-year results were not good, showing very little growth",commentary:youtube_transcript,youtube_transcript:asx-daily-rundown-atlassian-lifts-tech-a2-milk-recall-shock-accent-group-all-time-lows:88e960386e503796,active,expired,2026-05-05T04:19:15+00:00,2026-05-05T04:19:15+00:00,,2026-05-05T07:52:15+00:00,approved_by_user_20260505_first_batch_249
555,ASX,risk,AI fears for ATLASSIAN,commentary:youtube_transcript,youtube_transcript:asx-daily-rundown-atlassian-lifts-tech-a2-milk-recall-shock-accent-group-all-time-lows:88e960386e503796,active,expired,2026-05-04T08:24:46+00:00,2026-05-04T08:24:46+00:00,,2026-05-05T07:52:15+00:00,approved_by_user_20260505_first_batch_249
556,TXT,risk,AI fears for ATLASSIAN,commentary:youtube_transcript,youtube_transcript:asx-daily-rundown-atlassian-lifts-tech-a2-milk-recall-shock-accent-group-all-time-lows:88e960386e503796,active,expired,2026-05-04T08:24:46+00:00,2026-05-04T08:24:46+00:00,,2026-05-05T07:52:15+00:00,approved_by_user_20260505_first_batch_249
557,XTX,risk,AI fears for ATLASSIAN,commentary:youtube_transcript,youtube_transcript:asx-daily-rundown-atlassian-lifts-tech-a2-milk-recall-shock-accent-group-all-time-lows:88e960386e503796,active,expired,2026-05-04T08:24:47+00:00,2026-05-04T08:24:47+00:00,,2026-05-05T07:52:15+00:00,approved_by_user_20260505_first_batch_249
558,A2 MILK,risk,AI fears for ATLASSIAN,commentary:youtube_transcript,youtube_transcript:asx-daily-rundown-atlassian-lifts-tech-a2-milk-recall-shock-accent-group-all-time-lows:88e960386e503796,active,expired,2026-05-04T08:24:47+00:00,2026-05-04T08:24:47+00:00,,2026-05-05T07:52:15+00:00,approved_by_user_20260505_first_batch_249
559,ENDEAVOR GROUP,risk,AI fears for ATLASSIAN,commentary:youtube_transcript,youtube_transcript:asx-daily-rundown-atlassian-lifts-tech-a2-milk-recall-shock-accent-group-all-time-lows:88e960386e503796,active,expired,2026-05-04T08:24:47+00:00,2026-05-04T08:24:47+00:00,,2026-05-05T07:52:15+00:00,approved_by_user_20260505_first_batch_249
561,NAB,risk,AI fears for ATLASSIAN,commentary:youtube_transcript,youtube_transcript:asx-daily-rundown-atlassian-lifts-tech-a2-milk-recall-shock-accent-group-all-time-lows:88e960386e503796,active,expired,2026-05-04T08:24:47+00:00,2026-05-04T08:24:47+00:00,,2026-05-05T07:52:15+00:00,approved_by_user_20260505_first_batch_249
562,BHP,risk,AI fears for ATLASSIAN,commentary:youtube_transcript,youtube_transcript:asx-daily-rundown-atlassian-lifts-tech-a2-milk-recall-shock-accent-group-all-time-lows:88e960386e503796,active,expired,2026-05-04T08:24:47+00:00,2026-05-04T08:24:47+00:00,,2026-05-05T07:52:15+00:00,approved_by_user_20260505_first_batch_249
563,KEY PETROLEUM,risk,AI fears for ATLASSIAN,commentary:youtube_transcript,youtube_transcript:asx-daily-rundown-atlassian-lifts-tech-a2-milk-recall-shock-accent-group-all-time-lows:88e960386e503796,active,expired,2026-05-04T08:24:47+00:00,2026-05-04T08:24:47+00:00,,2026-05-05T07:52:15+00:00,approved_by_user_20260505_first_batch_249
564,GCM CORPORATION,risk,AI fears for ATLASSIAN,commentary:youtube_transcript,youtube_transcript:asx-daily-rundown-atlassian-lifts-tech-a2-milk-recall-shock-accent-group-all-time-lows:88e960386e503796,active,expired,2026-05-04T08:24:47+00:00,2026-05-04T08:24:47+00:00,,2026-05-05T07:52:15+00:00,approved_by_user_20260505_first_batch_249
565,MARINO AND CO,risk,AI fears for ATLASSIAN,commentary:youtube_transcript,youtube_transcript:asx-daily-rundown-atlassian-lifts-tech-a2-milk-recall-shock-accent-group-all-time-lows:88e960386e503796,active,expired,2026-05-04T08:24:47+00:00,2026-05-04T08:24:47+00:00,,2026-05-05T07:52:15+00:00,approved_by_user_20260505_first_batch_249
566,CLARITY,risk,AI fears for ATLASSIAN,commentary:youtube_transcript,youtube_transcript:asx-daily-rundown-atlassian-lifts-tech-a2-milk-recall-shock-accent-group-all-time-lows:88e960386e503796,active,expired,2026-05-04T08:24:47+00:00,2026-05-04T08:24:47+00:00,,2026-05-05T07:52:15+00:00,approved_by_user_20260505_first_batch_249
567,WIN MEDALS,risk,AI fears for ATLASSIAN,commentary:youtube_transcript,youtube_transcript:asx-daily-rundown-atlassian-lifts-tech-a2-milk-recall-shock-accent-group-all-time-lows:88e960386e503796,active,expired,2026-05-04T08:24:47+00:00,2026-05-04T08:24:47+00:00,,2026-05-05T07:52:15+00:00,approved_by_user_20260505_first_batch_249
568,AXEN GROUP,risk,AI fears for ATLASSIAN,commentary:youtube_transcript,youtube_transcript:asx-daily-rundown-atlassian-lifts-tech-a2-milk-recall-shock-accent-group-all-time-lows:88e960386e503796,active,expired,2026-05-04T08:24:47+00:00,2026-05-04T08:24:47+00:00,,2026-05-05T07:52:15+00:00,approved_by_user_20260505_first_batch_249
569,STRICKLAND METALS,risk,AI fears for ATLASSIAN,commentary:youtube_transcript,youtube_transcript:asx-daily-rundown-atlassian-lifts-tech-a2-milk-recall-shock-accent-group-all-time-lows:88e960386e503796,active,expired,2026-05-04T08:24:48+00:00,2026-05-04T08:24:48+00:00,,2026-05-05T07:52:15+00:00,approved_by_user_20260505_first_batch_249
570,LION TOWN,risk,AI fears for ATLASSIAN,commentary:youtube_transcript,youtube_transcript:asx-daily-rundown-atlassian-lifts-tech-a2-milk-recall-shock-accent-group-all-time-lows:88e960386e503796,active,expired,2026-05-04T08:24:48+00:00,2026-05-04T08:24:48+00:00,,2026-05-05T07:52:15+00:00,approved_by_user_20260505_first_batch_249
571,IMRO,risk,AI fears for ATLASSIAN,commentary:youtube_transcript,youtube_transcript:asx-daily-rundown-atlassian-lifts-tech-a2-milk-recall-shock-accent-group-all-time-lows:88e960386e503796,active,expired,2026-05-04T08:24:49+00:00,2026-05-04T08:24:49+00:00,,2026-05-05T07:52:15+00:00,approved_by_user_20260505_first_batch_249
572,PENINSULA,risk,AI fears for ATLASSIAN,commentary:youtube_transcript,youtube_transcript:asx-daily-rundown-atlassian-lifts-tech-a2-milk-recall-shock-accent-group-all-time-lows:88e960386e503796,active,expired,2026-05-04T08:24:49+00:00,2026-05-04T08:24:49+00:00,,2026-05-05T07:52:15+00:00,approved_by_user_20260505_first_batch_249
573,BRAIN CHIP,risk,AI fears for ATLASSIAN,commentary:youtube_transcript,youtube_transcript:asx-daily-rundown-atlassian-lifts-tech-a2-milk-recall-shock-accent-group-all-time-lows:88e960386e503796,active,expired,2026-05-04T08:24:49+00:00,2026-05-04T08:24:49+00:00,,2026-05-05T07:52:15+00:00,approved_by_user_20260505_first_batch_249
574,VERITUS,risk,AI fears for ATLASSIAN,commentary:youtube_transcript,youtube_transcript:asx-daily-rundown-atlassian-lifts-tech-a2-milk-recall-shock-accent-group-all-time-lows:88e960386e503796,active,expired,2026-05-04T08:24:49+00:00,2026-05-04T08:24:49+00:00,,2026-05-05T07:52:15+00:00,approved_by_user_20260505_first_batch_249
575,PETTIMED,risk,AI fears for ATLASSIAN,commentary:youtube_transcript,youtube_transcript:asx-daily-rundown-atlassian-lifts-tech-a2-milk-recall-shock-accent-group-all-time-lows:88e960386e503796,active,expired,2026-05-04T08:24:49+00:00,2026-05-04T08:24:49+00:00,,2026-05-05T07:52:15+00:00,approved_by_user_20260505_first_batch_249
576,IMPEDIMED,risk,AI fears for ATLASSIAN,commentary:youtube_transcript,youtube_transcript:asx-daily-rundown-atlassian-lifts-tech-a2-milk-recall-shock-accent-group-all-time-lows:88e960386e503796,active,expired,2026-05-04T08:24:49+00:00,2026-05-04T08:24:49+00:00,,2026-05-05T07:52:15+00:00,approved_by_user_20260505_first_batch_249
577,INDE,risk,AI fears for ATLASSIAN,commentary:youtube_transcript,youtube_transcript:asx-daily-rundown-atlassian-lifts-tech-a2-milk-recall-shock-accent-group-all-time-lows:88e960386e503796,active,expired,2026-05-04T08:24:49+00:00,2026-05-04T08:24:49+00:00,,2026-05-05T07:52:15+00:00,approved_by_user_20260505_first_batch_249
578,PETT,risk,AI fears for ATLASSIAN,commentary:youtube_transcript,youtube_transcript:asx-daily-rundown-atlassian-lifts-tech-a2-milk-recall-shock-accent-group-all-time-lows:88e960386e503796,active,expired,2026-05-04T08:24:49+00:00,2026-05-04T08:24:49+00:00,,2026-05-05T07:52:15+00:00,approved_by_user_20260505_first_batch_249
579,C79,risk,AI fears for ATLASSIAN,commentary:youtube_transcript,youtube_transcript:asx-daily-rundown-atlassian-lifts-tech-a2-milk-recall-shock-accent-group-all-time-lows:88e960386e503796,active,expired,2026-05-04T08:24:49+00:00,2026-05-04T08:24:49+00:00,,2026-05-05T07:52:15+00:00,approved_by_user_20260505_first_batch_249
580,A2M,risk,AI fears for ATLASSIAN,commentary:youtube_transcript,youtube_transcript:asx-daily-rundown-atlassian-lifts-tech-a2-milk-recall-shock-accent-group-all-time-lows:88e960386e503796,active,expired,2026-05-04T08:24:50+00:00,2026-05-04T08:24:50+00:00,,2026-05-05T07:52:15+00:00,approved_by_user_20260505_first_batch_249
581,ACCENT GROUP,risk,AI fears for ATLASSIAN,commentary:youtube_transcript,youtube_transcript:asx-daily-rundown-atlassian-lifts-tech-a2-milk-recall-shock-accent-group-all-time-lows:88e960386e503796,active,expired,2026-05-04T08:24:50+00:00,2026-05-04T08:24:50+00:00,,2026-05-05T07:52:15+00:00,approved_by_user_20260505_first_batch_249
69,ASX,observed_fact,"ATLASSIAN's share price closed at $88.88, which is considered lucky in Chinese culture",commentary:youtube_transcript,youtube_transcript:asx-daily-rundown-atlassian-lifts-tech-a2-milk-recall-shock-accent-group-all-time-lows:88e960386e503796,active,expired,2026-05-04T08:23:30+00:00,2026-05-04T08:23:30+00:00,,2026-05-05T07:52:15+00:00,approved_by_user_20260505_first_batch_249
70,TXT,observed_fact,"ATLASSIAN's share price closed at $88.88, which is considered lucky in Chinese culture",commentary:youtube_transcript,youtube_transcript:asx-daily-rundown-atlassian-lifts-tech-a2-milk-recall-shock-accent-group-all-time-lows:88e960386e503796,active,expired,2026-05-04T08:23:30+00:00,2026-05-04T08:23:30+00:00,,2026-05-05T07:52:15+00:00,approved_by_user_20260505_first_batch_249
71,XTX,observed_fact,"ATLASSIAN's share price closed at $88.88, which is considered lucky in Chinese culture",commentary:youtube_transcript,youtube_transcript:asx-daily-rundown-atlassian-lifts-tech-a2-milk-recall-shock-accent-group-all-time-lows:88e960386e503796,active,expired,2026-05-04T08:23:30+00:00,2026-05-04T08:23:30+00:00,,2026-05-05T07:52:15+00:00,approved_by_user_20260505_first_batch_249
72,A2 MILK,observed_fact,"ATLASSIAN's share price closed at $88.88, which is considered lucky in Chinese culture",commentary:youtube_transcript,youtube_transcript:asx-daily-rundown-atlassian-lifts-tech-a2-milk-recall-shock-accent-group-all-time-lows:88e960386e503796,active,expired,2026-05-04T08:23:31+00:00,2026-05-04T08:23:31+00:00,,2026-05-05T07:52:15+00:00,approved_by_user_20260505_first_batch_249
73,ENDEAVOR GROUP,observed_fact,"ATLASSIAN's share price closed at $88.88, which is considered lucky in Chinese culture",commentary:youtube_transcript,youtube_transcript:asx-daily-rundown-atlassian-lifts-tech-a2-milk-recall-shock-accent-group-all-time-lows:88e960386e503796,active,expired,2026-05-04T08:23:31+00:00,2026-05-04T08:23:31+00:00,,2026-05-05T07:52:15+00:00,approved_by_user_20260505_first_batch_249
75,NAB,observed_fact,"ATLASSIAN's share price closed at $88.88, which is considered lucky in Chinese culture",commentary:youtube_transcript,youtube_transcript:asx-daily-rundown-atlassian-lifts-tech-a2-milk-recall-shock-accent-group-all-time-lows:88e960386e503796,active,expired,2026-05-04T08:23:31+00:00,2026-05-04T08:23:31+00:00,,2026-05-05T07:52:15+00:00,approved_by_user_20260505_first_batch_249
76,BHP,observed_fact,"ATLASSIAN's share price closed at $88.88, which is considered lucky in Chinese culture",commentary:youtube_transcript,youtube_transcript:asx-daily-rundown-atlassian-lifts-tech-a2-milk-recall-shock-accent-group-all-time-lows:88e960386e503796,active,expired,2026-05-04T08:23:32+00:00,2026-05-04T08:23:32+00:00,,2026-05-05T07:52:15+00:00,approved_by_user_20260505_first_batch_249
77,KEY PETROLEUM,observed_fact,"ATLASSIAN's share price closed at $88.88, which is considered lucky in Chinese culture",commentary:youtube_transcript,youtube_transcript:asx-daily-rundown-atlassian-lifts-tech-a2-milk-recall-shock-accent-group-all-time-lows:88e960386e503796,active,expired,2026-05-04T08:23:32+00:00,2026-05-04T08:23:32+00:00,,2026-05-05T07:52:15+00:00,approved_by_user_20260505_first_batch_249
78,GCM CORPORATION,observed_fact,"ATLASSIAN's share price closed at $88.88, which is considered lucky in Chinese culture",commentary:youtube_transcript,youtube_transcript:asx-daily-rundown-atlassian-lifts-tech-a2-milk-recall-shock-accent-group-all-time-lows:88e960386e503796,active,expired,2026-05-04T08:23:32+00:00,2026-05-04T08:23:32+00:00,,2026-05-05T07:52:15+00:00,approved_by_user_20260505_first_batch_249
79,MARINO AND CO,observed_fact,"ATLASSIAN's share price closed at $88.88, which is considered lucky in Chinese culture",commentary:youtube_transcript,youtube_transcript:asx-daily-rundown-atlassian-lifts-tech-a2-milk-recall-shock-accent-group-all-time-lows:88e960386e503796,active,expired,2026-05-04T08:23:32+00:00,2026-05-04T08:23:32+00:00,,2026-05-05T07:52:15+00:00,approved_by_user_20260505_first_batch_249
80,CLARITY,observed_fact,"ATLASSIAN's share price closed at $88.88, which is considered lucky in Chinese culture",commentary:youtube_transcript,youtube_transcript:asx-daily-rundown-atlassian-lifts-tech-a2-milk-recall-shock-accent-group-all-time-lows:88e960386e503796,active,expired,2026-05-04T08:23:32+00:00,2026-05-04T08:23:32+00:00,,2026-05-05T07:52:15+00:00,approved_by_user_20260505_first_batch_249
81,WIN MEDALS,observed_fact,"ATLASSIAN's share price closed at $88.88, which is considered lucky in Chinese culture",commentary:youtube_transcript,youtube_transcript:asx-daily-rundown-atlassian-lifts-tech-a2-milk-recall-shock-accent-group-all-time-lows:88e960386e503796,active,expired,2026-05-04T08:23:32+00:00,2026-05-04T08:23:32+00:00,,2026-05-05T07:52:15+00:00,approved_by_user_20260505_first_batch_249
82,AXEN GROUP,observed_fact,"ATLASSIAN's share price closed at $88.88, which is considered lucky in Chinese culture",commentary:youtube_transcript,youtube_transcript:asx-daily-rundown-atlassian-lifts-tech-a2-milk-recall-shock-accent-group-all-time-lows:88e960386e503796,active,expired,2026-05-04T08:23:32+00:00,2026-05-04T08:23:32+00:00,,2026-05-05T07:52:15+00:00,approved_by_user_20260505_first_batch_249
83,STRICKLAND METALS,observed_fact,"ATLASSIAN's share price closed at $88.88, which is considered lucky in Chinese culture",commentary:youtube_transcript,youtube_transcript:asx-daily-rundown-atlassian-lifts-tech-a2-milk-recall-shock-accent-group-all-time-lows:88e960386e503796,active,expired,2026-05-04T08:23:32+00:00,2026-05-04T08:23:32+00:00,,2026-05-05T07:52:15+00:00,approved_by_user_20260505_first_batch_249
84,LION TOWN,observed_fact,"ATLASSIAN's share price closed at $88.88, which is considered lucky in Chinese culture",commentary:youtube_transcript,youtube_transcript:asx-daily-rundown-atlassian-lifts-tech-a2-milk-recall-shock-accent-group-all-time-lows:88e960386e503796,active,expired,2026-05-04T08:23:32+00:00,2026-05-04T08:23:32+00:00,,2026-05-05T07:52:15+00:00,approved_by_user_20260505_first_batch_249
85,IMRO,observed_fact,"ATLASSIAN's share price closed at $88.88, which is considered lucky in Chinese culture",commentary:youtube_transcript,youtube_transcript:asx-daily-rundown-atlassian-lifts-tech-a2-milk-recall-shock-accent-group-all-time-lows:88e960386e503796,active,expired,2026-05-04T08:23:32+00:00,2026-05-04T08:23:32+00:00,,2026-05-05T07:52:15+00:00,approved_by_user_20260505_first_batch_249
86,PENINSULA,observed_fact,"ATLASSIAN's share price closed at $88.88, which is considered lucky in Chinese culture",commentary:youtube_transcript,youtube_transcript:asx-daily-rundown-atlassian-lifts-tech-a2-milk-recall-shock-accent-group-all-time-lows:88e960386e503796,active,expired,2026-05-04T08:23:32+00:00,2026-05-04T08:23:32+00:00,,2026-05-05T07:52:15+00:00,approved_by_user_20260505_first_batch_249
87,BRAIN CHIP,observed_fact,"ATLASSIAN's share price closed at $88.88, which is considered lucky in Chinese culture",commentary:youtube_transcript,youtube_transcript:asx-daily-rundown-atlassian-lifts-tech-a2-milk-recall-shock-accent-group-all-time-lows:88e960386e503796,active,expired,2026-05-04T08:23:32+00:00,2026-05-04T08:23:32+00:00,,2026-05-05T07:52:15+00:00,approved_by_user_20260505_first_batch_249
88,VERITUS,observed_fact,"ATLASSIAN's share price closed at $88.88, which is considered lucky in Chinese culture",commentary:youtube_transcript,youtube_transcript:asx-daily-rundown-atlassian-lifts-tech-a2-milk-recall-shock-accent-group-all-time-lows:88e960386e503796,active,expired,2026-05-04T08:23:32+00:00,2026-05-04T08:23:32+00:00,,2026-05-05T07:52:15+00:00,approved_by_user_20260505_first_batch_249
89,PETTIMED,observed_fact,"ATLASSIAN's share price closed at $88.88, which is considered lucky in Chinese culture",commentary:youtube_transcript,youtube_transcript:asx-daily-rundown-atlassian-lifts-tech-a2-milk-recall-shock-accent-group-all-time-lows:88e960386e503796,active,expired,2026-05-04T08:23:33+00:00,2026-05-04T08:23:33+00:00,,2026-05-05T07:52:15+00:00,approved_by_user_20260505_first_batch_249
90,IMPEDIMED,observed_fact,"ATLASSIAN's share price closed at $88.88, which is considered lucky in Chinese culture",commentary:youtube_transcript,youtube_transcript:asx-daily-rundown-atlassian-lifts-tech-a2-milk-recall-shock-accent-group-all-time-lows:88e960386e503796,active,expired,2026-05-04T08:23:33+00:00,2026-05-04T08:23:33+00:00,,2026-05-05T07:52:15+00:00,approved_by_user_20260505_first_batch_249
91,INDE,observed_fact,"ATLASSIAN's share price closed at $88.88, which is considered lucky in Chinese culture",commentary:youtube_transcript,youtube_transcript:asx-daily-rundown-atlassian-lifts-tech-a2-milk-recall-shock-accent-group-all-time-lows:88e960386e503796,active,expired,2026-05-04T08:23:33+00:00,2026-05-04T08:23:33+00:00,,2026-05-05T07:52:15+00:00,approved_by_user_20260505_first_batch_249
92,PETT,observed_fact,"ATLASSIAN's share price closed at $88.88, which is considered lucky in Chinese culture",commentary:youtube_transcript,youtube_transcript:asx-daily-rundown-atlassian-lifts-tech-a2-milk-recall-shock-accent-group-all-time-lows:88e960386e503796,active,expired,2026-05-04T08:23:33+00:00,2026-05-04T08:23:33+00:00,,2026-05-05T07:52:15+00:00,approved_by_user_20260505_first_batch_249
93,C79,observed_fact,"ATLASSIAN's share price closed at $88.88, which is considered lucky in Chinese culture",commentary:youtube_transcript,youtube_transcript:asx-daily-rundown-atlassian-lifts-tech-a2-milk-recall-shock-accent-group-all-time-lows:88e960386e503796,active,expired,2026-05-04T08:23:33+00:00,2026-05-04T08:23:33+00:00,,2026-05-05T07:52:15+00:00,approved_by_user_20260505_first_batch_249
94,A2M,observed_fact,"ATLASSIAN's share price closed at $88.88, which is considered lucky in Chinese culture",commentary:youtube_transcript,youtube_transcript:asx-daily-rundown-atlassian-lifts-tech-a2-milk-recall-shock-accent-group-all-time-lows:88e960386e503796,active,expired,2026-05-04T08:23:34+00:00,2026-05-04T08:23:34+00:00,,2026-05-05T07:52:15+00:00,approved_by_user_20260505_first_batch_249
95,ACCENT GROUP,observed_fact,"ATLASSIAN's share price closed at $88.88, which is considered lucky in Chinese culture",commentary:youtube_transcript,youtube_transcript:asx-daily-rundown-atlassian-lifts-tech-a2-milk-recall-shock-accent-group-all-time-lows:88e960386e503796,active,expired,2026-05-04T08:23:34+00:00,2026-05-04T08:23:34+00:00,,2026-05-05T07:52:15+00:00,approved_by_user_20260505_first_batch_249
609,ASX,risk,Over issuance of shares by IMPEDIMED,commentary:youtube_transcript,youtube_transcript:asx-daily-rundown-atlassian-lifts-tech-a2-milk-recall-shock-accent-group-all-time-lows:88e960386e503796,active,expired,2026-05-04T08:24:55+00:00,2026-05-04T08:24:55+00:00,,2026-05-05T07:52:15+00:00,approved_by_user_20260505_first_batch_249
610,TXT,risk,Over issuance of shares by IMPEDIMED,commentary:youtube_transcript,youtube_transcript:asx-daily-rundown-atlassian-lifts-tech-a2-milk-recall-shock-accent-group-all-time-lows:88e960386e503796,active,expired,2026-05-04T08:24:55+00:00,2026-05-04T08:24:55+00:00,,2026-05-05T07:52:15+00:00,approved_by_user_20260505_first_batch_249
611,XTX,risk,Over issuance of shares by IMPEDIMED,commentary:youtube_transcript,youtube_transcript:asx-daily-rundown-atlassian-lifts-tech-a2-milk-recall-shock-accent-group-all-time-lows:88e960386e503796,active,expired,2026-05-04T08:24:55+00:00,2026-05-04T08:24:55+00:00,,2026-05-05T07:52:15+00:00,approved_by_user_20260505_first_batch_249
612,A2 MILK,risk,Over issuance of shares by IMPEDIMED,commentary:youtube_transcript,youtube_transcript:asx-daily-rundown-atlassian-lifts-tech-a2-milk-recall-shock-accent-group-all-time-lows:88e960386e503796,active,expired,2026-05-04T08:24:56+00:00,2026-05-04T08:24:56+00:00,,2026-05-05T07:52:15+00:00,approved_by_user_20260505_first_batch_249
613,ENDEAVOR GROUP,risk,Over issuance of shares by IMPEDIMED,commentary:youtube_transcript,youtube_transcript:asx-daily-rundown-atlassian-lifts-tech-a2-milk-recall-shock-accent-group-all-time-lows:88e960386e503796,active,expired,2026-05-04T08:24:56+00:00,2026-05-04T08:24:56+00:00,,2026-05-05T07:52:15+00:00,approved_by_user_20260505_first_batch_249
614,ATLASSIAN,risk,Over issuance of shares by IMPEDIMED,commentary:youtube_transcript,youtube_transcript:asx-daily-rundown-atlassian-lifts-tech-a2-milk-recall-shock-accent-group-all-time-lows:88e960386e503796,active,expired,2026-05-04T08:24:56+00:00,2026-05-04T08:24:56+00:00,,2026-05-05T07:52:15+00:00,approved_by_user_20260505_first_batch_249
615,NAB,risk,Over issuance of shares by IMPEDIMED,commentary:youtube_transcript,youtube_transcript:asx-daily-rundown-atlassian-lifts-tech-a2-milk-recall-shock-accent-group-all-time-lows:88e960386e503796,active,expired,2026-05-04T08:24:56+00:00,2026-05-04T08:24:56+00:00,,2026-05-05T07:52:15+00:00,approved_by_user_20260505_first_batch_249
616,BHP,risk,Over issuance of shares by IMPEDIMED,commentary:youtube_transcript,youtube_transcript:asx-daily-rundown-atlassian-lifts-tech-a2-milk-recall-shock-accent-group-all-time-lows:88e960386e503796,active,expired,2026-05-04T08:24:56+00:00,2026-05-04T08:24:56+00:00,,2026-05-05T07:52:15+00:00,approved_by_user_20260505_first_batch_249
617,KEY PETROLEUM,risk,Over issuance of shares by IMPEDIMED,commentary:youtube_transcript,youtube_transcript:asx-daily-rundown-atlassian-lifts-tech-a2-milk-recall-shock-accent-group-all-time-lows:88e960386e503796,active,expired,2026-05-04T08:24:56+00:00,2026-05-04T08:24:56+00:00,,2026-05-05T07:52:15+00:00,approved_by_user_20260505_first_batch_249
618,GCM CORPORATION,risk,Over issuance of shares by IMPEDIMED,commentary:youtube_transcript,youtube_transcript:asx-daily-rundown-atlassian-lifts-tech-a2-milk-recall-shock-accent-group-all-time-lows:88e960386e503796,active,expired,2026-05-04T08:24:56+00:00,2026-05-04T08:24:56+00:00,,2026-05-05T07:52:15+00:00,approved_by_user_20260505_first_batch_249
619,MARINO AND CO,risk,Over issuance of shares by IMPEDIMED,commentary:youtube_transcript,youtube_transcript:asx-daily-rundown-atlassian-lifts-tech-a2-milk-recall-shock-accent-group-all-time-lows:88e960386e503796,active,expired,2026-05-04T08:24:56+00:00,2026-05-04T08:24:56+00:00,,2026-05-05T07:52:15+00:00,approved_by_user_20260505_first_batch_249
620,CLARITY,risk,Over issuance of shares by IMPEDIMED,commentary:youtube_transcript,youtube_transcript:asx-daily-rundown-atlassian-lifts-tech-a2-milk-recall-shock-accent-group-all-time-lows:88e960386e503796,active,expired,2026-05-04T08:24:56+00:00,2026-05-04T08:24:56+00:00,,2026-05-05T07:52:15+00:00,approved_by_user_20260505_first_batch_249
621,WIN MEDALS,risk,Over issuance of shares by IMPEDIMED,commentary:youtube_transcript,youtube_transcript:asx-daily-rundown-atlassian-lifts-tech-a2-milk-recall-shock-accent-group-all-time-lows:88e960386e503796,active,expired,2026-05-04T08:24:57+00:00,2026-05-04T08:24:57+00:00,,2026-05-05T07:52:15+00:00,approved_by_user_20260505_first_batch_249
622,AXEN GROUP,risk,Over issuance of shares by IMPEDIMED,commentary:youtube_transcript,youtube_transcript:asx-daily-rundown-atlassian-lifts-tech-a2-milk-recall-shock-accent-group-all-time-lows:88e960386e503796,active,expired,2026-05-04T08:24:57+00:00,2026-05-04T08:24:57+00:00,,2026-05-05T07:52:15+00:00,approved_by_user_20260505_first_batch_249
623,STRICKLAND METALS,risk,Over issuance of shares by IMPEDIMED,commentary:youtube_transcript,youtube_transcript:asx-daily-rundown-atlassian-lifts-tech-a2-milk-recall-shock-accent-group-all-time-lows:88e960386e503796,active,expired,2026-05-04T08:24:58+00:00,2026-05-04T08:24:58+00:00,,2026-05-05T07:52:15+00:00,approved_by_user_20260505_first_batch_249
624,LION TOWN,risk,Over issuance of shares by IMPEDIMED,commentary:youtube_transcript,youtube_transcript:asx-daily-rundown-atlassian-lifts-tech-a2-milk-recall-shock-accent-group-all-time-lows:88e960386e503796,active,expired,2026-05-04T08:24:58+00:00,2026-05-04T08:24:58+00:00,,2026-05-05T07:52:15+00:00,approved_by_user_20260505_first_batch_249
625,IMRO,risk,Over issuance of shares by IMPEDIMED,commentary:youtube_transcript,youtube_transcript:asx-daily-rundown-atlassian-lifts-tech-a2-milk-recall-shock-accent-group-all-time-lows:88e960386e503796,active,expired,2026-05-04T08:24:58+00:00,2026-05-04T08:24:58+00:00,,2026-05-05T07:52:15+00:00,approved_by_user_20260505_first_batch_249
626,PENINSULA,risk,Over issuance of shares by IMPEDIMED,commentary:youtube_transcript,youtube_transcript:asx-daily-rundown-atlassian-lifts-tech-a2-milk-recall-shock-accent-group-all-time-lows:88e960386e503796,active,expired,2026-05-04T08:24:58+00:00,2026-05-04T08:24:58+00:00,,2026-05-05T07:52:15+00:00,approved_by_user_20260505_first_batch_249
627,BRAIN CHIP,risk,Over issuance of shares by IMPEDIMED,commentary:youtube_transcript,youtube_transcript:asx-daily-rundown-atlassian-lifts-tech-a2-milk-recall-shock-accent-group-all-time-lows:88e960386e503796,active,expired,2026-05-04T08:24:58+00:00,2026-05-04T08:24:58+00:00,,2026-05-05T07:52:15+00:00,approved_by_user_20260505_first_batch_249
628,VERITUS,risk,Over issuance of shares by IMPEDIMED,commentary:youtube_transcript,youtube_transcript:asx-daily-rundown-atlassian-lifts-tech-a2-milk-recall-shock-accent-group-all-time-lows:88e960386e503796,active,expired,2026-05-04T08:24:58+00:00,2026-05-04T08:24:58+00:00,,2026-05-05T07:52:15+00:00,approved_by_user_20260505_first_batch_249
629,PETTIMED,risk,Over issuance of shares by IMPEDIMED,commentary:youtube_transcript,youtube_transcript:asx-daily-rundown-atlassian-lifts-tech-a2-milk-recall-shock-accent-group-all-time-lows:88e960386e503796,active,expired,2026-05-04T08:24:58+00:00,2026-05-04T08:24:58+00:00,,2026-05-05T07:52:15+00:00,approved_by_user_20260505_first_batch_249
631,INDE,risk,Over issuance of shares by IMPEDIMED,commentary:youtube_transcript,youtube_transcript:asx-daily-rundown-atlassian-lifts-tech-a2-milk-recall-shock-accent-group-all-time-lows:88e960386e503796,active,expired,2026-05-04T08:24:58+00:00,2026-05-04T08:24:58+00:00,,2026-05-05T07:52:15+00:00,approved_by_user_20260505_first_batch_249
632,PETT,risk,Over issuance of shares by IMPEDIMED,commentary:youtube_transcript,youtube_transcript:asx-daily-rundown-atlassian-lifts-tech-a2-milk-recall-shock-accent-group-all-time-lows:88e960386e503796,active,expired,2026-05-04T08:24:58+00:00,2026-05-04T08:24:58+00:00,,2026-05-05T07:52:15+00:00,approved_by_user_20260505_first_batch_249
633,C79,risk,Over issuance of shares by IMPEDIMED,commentary:youtube_transcript,youtube_transcript:asx-daily-rundown-atlassian-lifts-tech-a2-milk-recall-shock-accent-group-all-time-lows:88e960386e503796,active,expired,2026-05-04T08:24:58+00:00,2026-05-04T08:24:58+00:00,,2026-05-05T07:52:15+00:00,approved_by_user_20260505_first_batch_249
634,A2M,risk,Over issuance of shares by IMPEDIMED,commentary:youtube_transcript,youtube_transcript:asx-daily-rundown-atlassian-lifts-tech-a2-milk-recall-shock-accent-group-all-time-lows:88e960386e503796,active,expired,2026-05-04T08:24:58+00:00,2026-05-04T08:24:58+00:00,,2026-05-05T07:52:15+00:00,approved_by_user_20260505_first_batch_249
635,ACCENT GROUP,risk,Over issuance of shares by IMPEDIMED,commentary:youtube_transcript,youtube_transcript:asx-daily-rundown-atlassian-lifts-tech-a2-milk-recall-shock-accent-group-all-time-lows:88e960386e503796,active,expired,2026-05-04T08:24:59+00:00,2026-05-04T08:24:59+00:00,,2026-05-05T07:52:15+00:00,approved_by_user_20260505_first_batch_249
1280,COH,operating_context,4DMEDICAL collaborates with GSK on respiratory research,news:newspaper4k,news:art_e4faef3c4644fe5bb3b66e32,active,expired,2026-05-04T16:12:07+00:00,2026-05-04T16:12:07+00:00,,2026-05-05T07:52:15+00:00,approved_by_user_20260505_first_batch_249
1281,EZZ,operating_context,4DMEDICAL collaborates with GSK on respiratory research,news:newspaper4k,news:art_e4faef3c4644fe5bb3b66e32,active,expired,2026-05-04T16:12:08+00:00,2026-05-04T16:12:08+00:00,,2026-05-05T07:52:15+00:00,approved_by_user_20260505_first_batch_249
1282,AROVELLA,operating_context,4DMEDICAL collaborates with GSK on respiratory research,news:newspaper4k,news:art_e4faef3c4644fe5bb3b66e32,active,expired,2026-05-04T16:12:08+00:00,2026-05-04T16:12:08+00:00,,2026-05-05T07:52:15+00:00,approved_by_user_20260505_first_batch_249
1284,LTR PHARMA,operating_context,4DMEDICAL collaborates with GSK on respiratory research,news:newspaper4k,news:art_e4faef3c4644fe5bb3b66e32,active,expired,2026-05-04T16:12:08+00:00,2026-05-04T16:12:08+00:00,,2026-05-05T07:52:15+00:00,approved_by_user_20260505_first_batch_249
1285,CSL,operating_context,4DMEDICAL collaborates with GSK on respiratory research,news:newspaper4k,news:art_e4faef3c4644fe5bb3b66e32,active,expired,2026-05-04T16:12:09+00:00,2026-05-04T16:12:09+00:00,,2026-05-05T07:52:15+00:00,approved_by_user_20260505_first_batch_249
1286,RESMED,operating_context,4DMEDICAL collaborates with GSK on respiratory research,news:newspaper4k,news:art_e4faef3c4644fe5bb3b66e32,active,expired,2026-05-04T16:12:09+00:00,2026-05-04T16:12:09+00:00,,2026-05-05T07:52:15+00:00,approved_by_user_20260505_first_batch_249
1287,PARADIGM BIOPHARMACEUTICALS,operating_context,4DMEDICAL collaborates with GSK on respiratory research,news:newspaper4k,news:art_e4faef3c4644fe5bb3b66e32,active,expired,2026-05-04T16:12:09+00:00,2026-05-04T16:12:09+00:00,,2026-05-05T07:52:15+00:00,approved_by_user_20260505_first_batch_249
1264,COH,observed_fact,AROVELLA undergoes major board changes and strategic review,news:newspaper4k,news:art_e4faef3c4644fe5bb3b66e32,active,expired,2026-05-04T16:12:05+00:00,2026-05-04T16:12:05+00:00,,2026-05-05T07:52:15+00:00,approved_by_user_20260505_first_batch_249
1265,EZZ,observed_fact,AROVELLA undergoes major board changes and strategic review,news:newspaper4k,news:art_e4faef3c4644fe5bb3b66e32,active,expired,2026-05-04T16:12:05+00:00,2026-05-04T16:12:05+00:00,,2026-05-05T07:52:15+00:00,approved_by_user_20260505_first_batch_249
1267,4DMEDICAL,observed_fact,AROVELLA undergoes major board changes and strategic review,news:newspaper4k,news:art_e4faef3c4644fe5bb3b66e32,active,expired,2026-05-04T16:12:05+00:00,2026-05-04T16:12:05+00:00,,2026-05-05T07:52:15+00:00,approved_by_user_20260505_first_batch_249
1268,LTR PHARMA,observed_fact,AROVELLA undergoes major board changes and strategic review,news:newspaper4k,news:art_e4faef3c4644fe5bb3b66e32,active,expired,2026-05-04T16:12:05+00:00,2026-05-04T16:12:05+00:00,,2026-05-05T07:52:15+00:00,approved_by_user_20260505_first_batch_249
1269,CSL,observed_fact,AROVELLA undergoes major board changes and strategic review,news:newspaper4k,news:art_e4faef3c4644fe5bb3b66e32,active,expired,2026-05-04T16:12:05+00:00,2026-05-04T16:12:05+00:00,,2026-05-05T07:52:15+00:00,approved_by_user_20260505_first_batch_249
1270,RESMED,observed_fact,AROVELLA undergoes major board changes and strategic review,news:newspaper4k,news:art_e4faef3c4644fe5bb3b66e32,active,expired,2026-05-04T16:12:06+00:00,2026-05-04T16:12:06+00:00,,2026-05-05T07:52:15+00:00,approved_by_user_20260505_first_batch_249
1271,PARADIGM BIOPHARMACEUTICALS,observed_fact,AROVELLA undergoes major board changes and strategic review,news:newspaper4k,news:art_e4faef3c4644fe5bb3b66e32,active,expired,2026-05-04T16:12:06+00:00,2026-05-04T16:12:06+00:00,,2026-05-05T07:52:15+00:00,approved_by_user_20260505_first_batch_249
1328,COH,risk,AROVELLA's major board changes and strategic review,news:newspaper4k,news:art_e4faef3c4644fe5bb3b66e32,active,expired,2026-05-04T16:12:16+00:00,2026-05-04T16:12:16+00:00,,2026-05-05T07:52:15+00:00,approved_by_user_20260505_first_batch_249
1329,EZZ,risk,AROVELLA's major board changes and strategic review,news:newspaper4k,news:art_e4faef3c4644fe5bb3b66e32,active,expired,2026-05-04T16:12:16+00:00,2026-05-04T16:12:16+00:00,,2026-05-05T07:52:15+00:00,approved_by_user_20260505_first_batch_249
1331,4DMEDICAL,risk,AROVELLA's major board changes and strategic review,news:newspaper4k,news:art_e4faef3c4644fe5bb3b66e32,active,expired,2026-05-04T16:12:16+00:00,2026-05-04T16:12:16+00:00,,2026-05-05T07:52:15+00:00,approved_by_user_20260505_first_batch_249
1332,LTR PHARMA,risk,AROVELLA's major board changes and strategic review,news:newspaper4k,news:art_e4faef3c4644fe5bb3b66e32,active,expired,2026-05-04T16:12:16+00:00,2026-05-04T16:12:16+00:00,,2026-05-05T07:52:15+00:00,approved_by_user_20260505_first_batch_249
1333,CSL,risk,AROVELLA's major board changes and strategic review,news:newspaper4k,news:art_e4faef3c4644fe5bb3b66e32,active,expired,2026-05-04T16:12:16+00:00,2026-05-04T16:12:16+00:00,,2026-05-05T07:52:15+00:00,approved_by_user_20260505_first_batch_249
1334,RESMED,risk,AROVELLA's major board changes and strategic review,news:newspaper4k,news:art_e4faef3c4644fe5bb3b66e32,active,expired,2026-05-04T16:12:16+00:00,2026-05-04T16:12:16+00:00,,2026-05-05T07:52:15+00:00,approved_by_user_20260505_first_batch_249
1335,PARADIGM BIOPHARMACEUTICALS,risk,AROVELLA's major board changes and strategic review,news:newspaper4k,news:art_e4faef3c4644fe5bb3b66e32,active,expired,2026-05-04T16:12:16+00:00,2026-05-04T16:12:16+00:00,,2026-05-05T07:52:15+00:00,approved_by_user_20260505_first_batch_249
1296,COH,observed_fact,CSL faces renewed scrutiny over valuation gaps and growth expectations,news:newspaper4k,news:art_e4faef3c4644fe5bb3b66e32,active,expired,2026-05-04T16:12:11+00:00,2026-05-04T16:12:11+00:00,,2026-05-05T07:52:15+00:00,approved_by_user_20260505_first_batch_249
1297,EZZ,observed_fact,CSL faces renewed scrutiny over valuation gaps and growth expectations,news:newspaper4k,news:art_e4faef3c4644fe5bb3b66e32,active,expired,2026-05-04T16:12:11+00:00,2026-05-04T16:12:11+00:00,,2026-05-05T07:52:15+00:00,approved_by_user_20260505_first_batch_249
1298,AROVELLA,observed_fact,CSL faces renewed scrutiny over valuation gaps and growth expectations,news:newspaper4k,news:art_e4faef3c4644fe5bb3b66e32,active,expired,2026-05-04T16:12:11+00:00,2026-05-04T16:12:11+00:00,,2026-05-05T07:52:15+00:00,approved_by_user_20260505_first_batch_249
1299,4DMEDICAL,observed_fact,CSL faces renewed scrutiny over valuation gaps and growth expectations,news:newspaper4k,news:art_e4faef3c4644fe5bb3b66e32,active,expired,2026-05-04T16:12:11+00:00,2026-05-04T16:12:11+00:00,,2026-05-05T07:52:15+00:00,approved_by_user_20260505_first_batch_249
1300,LTR PHARMA,observed_fact,CSL faces renewed scrutiny over valuation gaps and growth expectations,news:newspaper4k,news:art_e4faef3c4644fe5bb3b66e32,active,expired,2026-05-04T16:12:11+00:00,2026-05-04T16:12:11+00:00,,2026-05-05T07:52:15+00:00,approved_by_user_20260505_first_batch_249
1302,RESMED,observed_fact,CSL faces renewed scrutiny over valuation gaps and growth expectations,news:newspaper4k,news:art_e4faef3c4644fe5bb3b66e32,active,expired,2026-05-04T16:12:12+00:00,2026-05-04T16:12:12+00:00,,2026-05-05T07:52:15+00:00,approved_by_user_20260505_first_batch_249
1303,PARADIGM BIOPHARMACEUTICALS,observed_fact,CSL faces renewed scrutiny over valuation gaps and growth expectations,news:newspaper4k,news:art_e4faef3c4644fe5bb3b66e32,active,expired,2026-05-04T16:12:12+00:00,2026-05-04T16:12:12+00:00,,2026-05-05T07:52:15+00:00,approved_by_user_20260505_first_batch_249
1336,COH,risk,CSL's renewed scrutiny over valuation gaps and growth expectations,news:newspaper4k,news:art_e4faef3c4644fe5bb3b66e32,active,expired,2026-05-04T16:12:17+00:00,2026-05-04T16:12:17+00:00,,2026-05-05T07:52:15+00:00,approved_by_user_20260505_first_batch_249
1337,EZZ,risk,CSL's renewed scrutiny over valuation gaps and growth expectations,news:newspaper4k,news:art_e4faef3c4644fe5bb3b66e32,active,expired,2026-05-04T16:12:18+00:00,2026-05-04T16:12:18+00:00,,2026-05-05T07:52:15+00:00,approved_by_user_20260505_first_batch_249
1338,AROVELLA,risk,CSL's renewed scrutiny over valuation gaps and growth expectations,news:newspaper4k,news:art_e4faef3c4644fe5bb3b66e32,active,expired,2026-05-04T16:12:18+00:00,2026-05-04T16:12:18+00:00,,2026-05-05T07:52:15+00:00,approved_by_user_20260505_first_batch_249
1339,4DMEDICAL,risk,CSL's renewed scrutiny over valuation gaps and growth expectations,news:newspaper4k,news:art_e4faef3c4644fe5bb3b66e32,active,expired,2026-05-04T16:12:18+00:00,2026-05-04T16:12:18+00:00,,2026-05-05T07:52:15+00:00,approved_by_user_20260505_first_batch_249
1340,LTR PHARMA,risk,CSL's renewed scrutiny over valuation gaps and growth expectations,news:newspaper4k,news:art_e4faef3c4644fe5bb3b66e32,active,expired,2026-05-04T16:12:18+00:00,2026-05-04T16:12:18+00:00,,2026-05-05T07:52:15+00:00,approved_by_user_20260505_first_batch_249
1342,RESMED,risk,CSL's renewed scrutiny over valuation gaps and growth expectations,news:newspaper4k,news:art_e4faef3c4644fe5bb3b66e32,active,expired,2026-05-04T16:12:18+00:00,2026-05-04T16:12:18+00:00,,2026-05-05T07:52:15+00:00,approved_by_user_20260505_first_batch_249
1343,PARADIGM BIOPHARMACEUTICALS,risk,CSL's renewed scrutiny over valuation gaps and growth expectations,news:newspaper4k,news:art_e4faef3c4644fe5bb3b66e32,active,expired,2026-05-04T16:12:18+00:00,2026-05-04T16:12:18+00:00,,2026-05-05T07:52:15+00:00,approved_by_user_20260505_first_batch_249
1272,COH,observed_fact,EZZ enters the wellness market with its MeTime range,news:newspaper4k,news:art_e4faef3c4644fe5bb3b66e32,active,expired,2026-05-04T16:12:06+00:00,2026-05-04T16:12:06+00:00,,2026-05-05T07:52:15+00:00,approved_by_user_20260505_first_batch_249
1274,AROVELLA,observed_fact,EZZ enters the wellness market with its MeTime range,news:newspaper4k,news:art_e4faef3c4644fe5bb3b66e32,active,expired,2026-05-04T16:12:06+00:00,2026-05-04T16:12:06+00:00,,2026-05-05T07:52:15+00:00,approved_by_user_20260505_first_batch_249
1275,4DMEDICAL,observed_fact,EZZ enters the wellness market with its MeTime range,news:newspaper4k,news:art_e4faef3c4644fe5bb3b66e32,active,expired,2026-05-04T16:12:06+00:00,2026-05-04T16:12:06+00:00,,2026-05-05T07:52:15+00:00,approved_by_user_20260505_first_batch_249
1276,LTR PHARMA,observed_fact,EZZ enters the wellness market with its MeTime range,news:newspaper4k,news:art_e4faef3c4644fe5bb3b66e32,active,expired,2026-05-04T16:12:07+00:00,2026-05-04T16:12:07+00:00,,2026-05-05T07:52:15+00:00,approved_by_user_20260505_first_batch_249
1277,CSL,observed_fact,EZZ enters the wellness market with its MeTime range,news:newspaper4k,news:art_e4faef3c4644fe5bb3b66e32,active,expired,2026-05-04T16:12:07+00:00,2026-05-04T16:12:07+00:00,,2026-05-05T07:52:15+00:00,approved_by_user_20260505_first_batch_249
1278,RESMED,observed_fact,EZZ enters the wellness market with its MeTime range,news:newspaper4k,news:art_e4faef3c4644fe5bb3b66e32,active,expired,2026-05-04T16:12:07+00:00,2026-05-04T16:12:07+00:00,,2026-05-05T07:52:15+00:00,approved_by_user_20260505_first_batch_249
1279,PARADIGM BIOPHARMACEUTICALS,observed_fact,EZZ enters the wellness market with its MeTime range,news:newspaper4k,news:art_e4faef3c4644fe5bb3b66e32,active,expired,2026-05-04T16:12:07+00:00,2026-05-04T16:12:07+00:00,,2026-05-05T07:52:15+00:00,approved_by_user_20260505_first_batch_249
1288,COH,strategic_initiative,LTR PHARMA advances with clinical progress and US expansion,news:newspaper4k,news:art_e4faef3c4644fe5bb3b66e32,active,expired,2026-05-04T16:12:09+00:00,2026-05-04T16:12:09+00:00,,2026-05-05T07:52:15+00:00,approved_by_user_20260505_first_batch_249
1289,EZZ,strategic_initiative,LTR PHARMA advances with clinical progress and US expansion,news:newspaper4k,news:art_e4faef3c4644fe5bb3b66e32,active,expired,2026-05-04T16:12:10+00:00,2026-05-04T16:12:10+00:00,,2026-05-05T07:52:15+00:00,approved_by_user_20260505_first_batch_249
1290,AROVELLA,strategic_initiative,LTR PHARMA advances with clinical progress and US expansion,news:newspaper4k,news:art_e4faef3c4644fe5bb3b66e32,active,expired,2026-05-04T16:12:10+00:00,2026-05-04T16:12:10+00:00,,2026-05-05T07:52:15+00:00,approved_by_user_20260505_first_batch_249
1291,4DMEDICAL,strategic_initiative,LTR PHARMA advances with clinical progress and US expansion,news:newspaper4k,news:art_e4faef3c4644fe5bb3b66e32,active,expired,2026-05-04T16:12:10+00:00,2026-05-04T16:12:10+00:00,,2026-05-05T07:52:15+00:00,approved_by_user_20260505_first_batch_249
1293,CSL,strategic_initiative,LTR PHARMA advances with clinical progress and US expansion,news:newspaper4k,news:art_e4faef3c4644fe5bb3b66e32,active,expired,2026-05-04T16:12:11+00:00,2026-05-04T16:12:11+00:00,,2026-05-05T07:52:15+00:00,approved_by_user_20260505_first_batch_249
1294,RESMED,strategic_initiative,LTR PHARMA advances with clinical progress and US expansion,news:newspaper4k,news:art_e4faef3c4644fe5bb3b66e32,active,expired,2026-05-04T16:12:11+00:00,2026-05-04T16:12:11+00:00,,2026-05-05T07:52:15+00:00,approved_by_user_20260505_first_batch_249
1295,PARADIGM BIOPHARMACEUTICALS,strategic_initiative,LTR PHARMA advances with clinical progress and US expansion,news:newspaper4k,news:art_e4faef3c4644fe5bb3b66e32,active,expired,2026-05-04T16:12:11+00:00,2026-05-04T16:12:11+00:00,,2026-05-05T07:52:15+00:00,approved_by_user_20260505_first_batch_249
