row_id,company_id,memory_type,statement,source,source_id,status_before,status_after,first_seen_at,last_seen_at_after,closed_at_after,cleanup_timestamp,approval_id,mutation_path
636,ASX,risk,PETTIMED's capital raising at 1 cent per share,commentary:youtube_transcript,youtube_transcript:asx-daily-rundown-atlassian-lifts-tech-a2-milk-recall-shock-accent-group-all-time-lows:88e960386e503796,active,expired,2026-05-04T08:25:00+00:00,2026-05-13T05:18:56+00:00,2026-05-13T05:18:56+00:00,2026-05-13T05:18:56+00:00,approved_by_user_20260513_backend_api_pilot_100_20260513_051856,backend_api_company_expire
637,TXT,risk,PETTIMED's capital raising at 1 cent per share,commentary:youtube_transcript,youtube_transcript:asx-daily-rundown-atlassian-lifts-tech-a2-milk-recall-shock-accent-group-all-time-lows:88e960386e503796,active,expired,2026-05-04T08:25:00+00:00,2026-05-13T05:18:56+00:00,2026-05-13T05:18:56+00:00,2026-05-13T05:18:56+00:00,approved_by_user_20260513_backend_api_pilot_100_20260513_051856,backend_api_company_expire
638,XTX,risk,PETTIMED's capital raising at 1 cent per share,commentary:youtube_transcript,youtube_transcript:asx-daily-rundown-atlassian-lifts-tech-a2-milk-recall-shock-accent-group-all-time-lows:88e960386e503796,active,expired,2026-05-04T08:25:00+00:00,2026-05-13T05:18:56+00:00,2026-05-13T05:18:56+00:00,2026-05-13T05:18:56+00:00,approved_by_user_20260513_backend_api_pilot_100_20260513_051856,backend_api_company_expire
641,ATLASSIAN,risk,PETTIMED's capital raising at 1 cent per share,commentary:youtube_transcript,youtube_transcript:asx-daily-rundown-atlassian-lifts-tech-a2-milk-recall-shock-accent-group-all-time-lows:88e960386e503796,active,expired,2026-05-04T08:25:00+00:00,2026-05-13T05:18:56+00:00,2026-05-13T05:18:56+00:00,2026-05-13T05:18:56+00:00,approved_by_user_20260513_backend_api_pilot_100_20260513_051856,backend_api_company_expire
642,NAB,risk,PETTIMED's capital raising at 1 cent per share,commentary:youtube_transcript,youtube_transcript:asx-daily-rundown-atlassian-lifts-tech-a2-milk-recall-shock-accent-group-all-time-lows:88e960386e503796,active,expired,2026-05-04T08:25:01+00:00,2026-05-13T05:18:56+00:00,2026-05-13T05:18:56+00:00,2026-05-13T05:18:56+00:00,approved_by_user_20260513_backend_api_pilot_100_20260513_051856,backend_api_company_expire
643,BHP,risk,PETTIMED's capital raising at 1 cent per share,commentary:youtube_transcript,youtube_transcript:asx-daily-rundown-atlassian-lifts-tech-a2-milk-recall-shock-accent-group-all-time-lows:88e960386e503796,active,expired,2026-05-04T08:25:01+00:00,2026-05-13T05:18:56+00:00,2026-05-13T05:18:56+00:00,2026-05-13T05:18:56+00:00,approved_by_user_20260513_backend_api_pilot_100_20260513_051856,backend_api_company_expire
647,CLARITY,risk,PETTIMED's capital raising at 1 cent per share,commentary:youtube_transcript,youtube_transcript:asx-daily-rundown-atlassian-lifts-tech-a2-milk-recall-shock-accent-group-all-time-lows:88e960386e503796,active,expired,2026-05-04T08:25:02+00:00,2026-05-13T05:18:56+00:00,2026-05-13T05:18:56+00:00,2026-05-13T05:18:56+00:00,approved_by_user_20260513_backend_api_pilot_100_20260513_051856,backend_api_company_expire
652,IMRO,risk,PETTIMED's capital raising at 1 cent per share,commentary:youtube_transcript,youtube_transcript:asx-daily-rundown-atlassian-lifts-tech-a2-milk-recall-shock-accent-group-all-time-lows:88e960386e503796,active,expired,2026-05-04T08:25:02+00:00,2026-05-13T05:18:56+00:00,2026-05-13T05:18:56+00:00,2026-05-13T05:18:56+00:00,approved_by_user_20260513_backend_api_pilot_100_20260513_051856,backend_api_company_expire
653,PENINSULA,risk,PETTIMED's capital raising at 1 cent per share,commentary:youtube_transcript,youtube_transcript:asx-daily-rundown-atlassian-lifts-tech-a2-milk-recall-shock-accent-group-all-time-lows:88e960386e503796,active,expired,2026-05-04T08:25:03+00:00,2026-05-13T05:18:56+00:00,2026-05-13T05:18:56+00:00,2026-05-13T05:18:56+00:00,approved_by_user_20260513_backend_api_pilot_100_20260513_051856,backend_api_company_expire
655,VERITUS,risk,PETTIMED's capital raising at 1 cent per share,commentary:youtube_transcript,youtube_transcript:asx-daily-rundown-atlassian-lifts-tech-a2-milk-recall-shock-accent-group-all-time-lows:88e960386e503796,active,expired,2026-05-04T08:25:03+00:00,2026-05-13T05:18:56+00:00,2026-05-13T05:18:56+00:00,2026-05-13T05:18:56+00:00,approved_by_user_20260513_backend_api_pilot_100_20260513_051856,backend_api_company_expire
657,IMPEDIMED,risk,PETTIMED's capital raising at 1 cent per share,commentary:youtube_transcript,youtube_transcript:asx-daily-rundown-atlassian-lifts-tech-a2-milk-recall-shock-accent-group-all-time-lows:88e960386e503796,active,expired,2026-05-04T08:25:03+00:00,2026-05-13T05:18:56+00:00,2026-05-13T05:18:56+00:00,2026-05-13T05:18:56+00:00,approved_by_user_20260513_backend_api_pilot_100_20260513_051856,backend_api_company_expire
658,INDE,risk,PETTIMED's capital raising at 1 cent per share,commentary:youtube_transcript,youtube_transcript:asx-daily-rundown-atlassian-lifts-tech-a2-milk-recall-shock-accent-group-all-time-lows:88e960386e503796,active,expired,2026-05-04T08:25:04+00:00,2026-05-13T05:18:56+00:00,2026-05-13T05:18:56+00:00,2026-05-13T05:18:56+00:00,approved_by_user_20260513_backend_api_pilot_100_20260513_051856,backend_api_company_expire
660,C79,risk,PETTIMED's capital raising at 1 cent per share,commentary:youtube_transcript,youtube_transcript:asx-daily-rundown-atlassian-lifts-tech-a2-milk-recall-shock-accent-group-all-time-lows:88e960386e503796,active,expired,2026-05-04T08:25:04+00:00,2026-05-13T05:18:56+00:00,2026-05-13T05:18:56+00:00,2026-05-13T05:18:56+00:00,approved_by_user_20260513_backend_api_pilot_100_20260513_051856,backend_api_company_expire
661,A2M,risk,PETTIMED's capital raising at 1 cent per share,commentary:youtube_transcript,youtube_transcript:asx-daily-rundown-atlassian-lifts-tech-a2-milk-recall-shock-accent-group-all-time-lows:88e960386e503796,active,expired,2026-05-04T08:25:04+00:00,2026-05-13T05:18:56+00:00,2026-05-13T05:18:56+00:00,2026-05-13T05:18:56+00:00,approved_by_user_20260513_backend_api_pilot_100_20260513_051856,backend_api_company_expire
1065,END,risk,Pettimed's capital raising at 1 cent per share,commentary:youtube_transcript,youtube_transcript:asx-daily-rundown-atlassian-lifts-tech-a2-milk-recall-shock-accent-group-all-time-lows:88e960386e503796,active,expired,2026-05-04T08:26:42+00:00,2026-05-13T05:18:56+00:00,2026-05-13T05:18:56+00:00,2026-05-13T05:18:56+00:00,approved_by_user_20260513_backend_api_pilot_100_20260513_051856,backend_api_company_expire
1066,COH,risk,Pettimed's capital raising at 1 cent per share,commentary:youtube_transcript,youtube_transcript:asx-daily-rundown-atlassian-lifts-tech-a2-milk-recall-shock-accent-group-all-time-lows:88e960386e503796,active,expired,2026-05-04T08:26:42+00:00,2026-05-13T05:18:56+00:00,2026-05-13T05:18:56+00:00,2026-05-13T05:18:56+00:00,approved_by_user_20260513_backend_api_pilot_100_20260513_051856,backend_api_company_expire
1067,WES,risk,Pettimed's capital raising at 1 cent per share,commentary:youtube_transcript,youtube_transcript:asx-daily-rundown-atlassian-lifts-tech-a2-milk-recall-shock-accent-group-all-time-lows:88e960386e503796,active,expired,2026-05-04T08:26:43+00:00,2026-05-13T05:18:56+00:00,2026-05-13T05:18:56+00:00,2026-05-13T05:18:56+00:00,approved_by_user_20260513_backend_api_pilot_100_20260513_051856,backend_api_company_expire
1068,WBC,risk,Pettimed's capital raising at 1 cent per share,commentary:youtube_transcript,youtube_transcript:asx-daily-rundown-atlassian-lifts-tech-a2-milk-recall-shock-accent-group-all-time-lows:88e960386e503796,active,expired,2026-05-04T08:26:44+00:00,2026-05-13T05:18:56+00:00,2026-05-13T05:18:56+00:00,2026-05-13T05:18:56+00:00,approved_by_user_20260513_backend_api_pilot_100_20260513_051856,backend_api_company_expire
1069,KEY,risk,Pettimed's capital raising at 1 cent per share,commentary:youtube_transcript,youtube_transcript:asx-daily-rundown-atlassian-lifts-tech-a2-milk-recall-shock-accent-group-all-time-lows:88e960386e503796,active,expired,2026-05-04T08:26:44+00:00,2026-05-13T05:18:56+00:00,2026-05-13T05:18:56+00:00,2026-05-13T05:18:56+00:00,approved_by_user_20260513_backend_api_pilot_100_20260513_051856,backend_api_company_expire
1070,GCM,risk,Pettimed's capital raising at 1 cent per share,commentary:youtube_transcript,youtube_transcript:asx-daily-rundown-atlassian-lifts-tech-a2-milk-recall-shock-accent-group-all-time-lows:88e960386e503796,active,expired,2026-05-04T08:26:44+00:00,2026-05-13T05:18:56+00:00,2026-05-13T05:18:56+00:00,2026-05-13T05:18:56+00:00,approved_by_user_20260513_backend_api_pilot_100_20260513_051856,backend_api_company_expire
1071,MAR,risk,Pettimed's capital raising at 1 cent per share,commentary:youtube_transcript,youtube_transcript:asx-daily-rundown-atlassian-lifts-tech-a2-milk-recall-shock-accent-group-all-time-lows:88e960386e503796,active,expired,2026-05-04T08:26:44+00:00,2026-05-13T05:18:56+00:00,2026-05-13T05:18:56+00:00,2026-05-13T05:18:56+00:00,approved_by_user_20260513_backend_api_pilot_100_20260513_051856,backend_api_company_expire
1072,CLT,risk,Pettimed's capital raising at 1 cent per share,commentary:youtube_transcript,youtube_transcript:asx-daily-rundown-atlassian-lifts-tech-a2-milk-recall-shock-accent-group-all-time-lows:88e960386e503796,active,expired,2026-05-04T08:26:44+00:00,2026-05-13T05:18:57+00:00,2026-05-13T05:18:57+00:00,2026-05-13T05:18:56+00:00,approved_by_user_20260513_backend_api_pilot_100_20260513_051856,backend_api_company_expire
1073,WIN,risk,Pettimed's capital raising at 1 cent per share,commentary:youtube_transcript,youtube_transcript:asx-daily-rundown-atlassian-lifts-tech-a2-milk-recall-shock-accent-group-all-time-lows:88e960386e503796,active,expired,2026-05-04T08:26:44+00:00,2026-05-13T05:18:57+00:00,2026-05-13T05:18:57+00:00,2026-05-13T05:18:56+00:00,approved_by_user_20260513_backend_api_pilot_100_20260513_051856,backend_api_company_expire
1074,SKT,risk,Pettimed's capital raising at 1 cent per share,commentary:youtube_transcript,youtube_transcript:asx-daily-rundown-atlassian-lifts-tech-a2-milk-recall-shock-accent-group-all-time-lows:88e960386e503796,active,expired,2026-05-04T08:26:45+00:00,2026-05-13T05:18:57+00:00,2026-05-13T05:18:57+00:00,2026-05-13T05:18:56+00:00,approved_by_user_20260513_backend_api_pilot_100_20260513_051856,backend_api_company_expire
1075,VCE,risk,Pettimed's capital raising at 1 cent per share,commentary:youtube_transcript,youtube_transcript:asx-daily-rundown-atlassian-lifts-tech-a2-milk-recall-shock-accent-group-all-time-lows:88e960386e503796,active,expired,2026-05-04T08:26:45+00:00,2026-05-13T05:18:57+00:00,2026-05-13T05:18:57+00:00,2026-05-13T05:18:56+00:00,approved_by_user_20260513_backend_api_pilot_100_20260513_051856,backend_api_company_expire
1076,SNW,risk,Pettimed's capital raising at 1 cent per share,commentary:youtube_transcript,youtube_transcript:asx-daily-rundown-atlassian-lifts-tech-a2-milk-recall-shock-accent-group-all-time-lows:88e960386e503796,active,expired,2026-05-04T08:26:46+00:00,2026-05-13T05:18:57+00:00,2026-05-13T05:18:57+00:00,2026-05-13T05:18:56+00:00,approved_by_user_20260513_backend_api_pilot_100_20260513_051856,backend_api_company_expire
1077,LON,risk,Pettimed's capital raising at 1 cent per share,commentary:youtube_transcript,youtube_transcript:asx-daily-rundown-atlassian-lifts-tech-a2-milk-recall-shock-accent-group-all-time-lows:88e960386e503796,active,expired,2026-05-04T08:26:46+00:00,2026-05-13T05:18:57+00:00,2026-05-13T05:18:57+00:00,2026-05-13T05:18:56+00:00,approved_by_user_20260513_backend_api_pilot_100_20260513_051856,backend_api_company_expire
1079,STK,risk,Pettimed's capital raising at 1 cent per share,commentary:youtube_transcript,youtube_transcript:asx-daily-rundown-atlassian-lifts-tech-a2-milk-recall-shock-accent-group-all-time-lows:88e960386e503796,active,expired,2026-05-04T08:26:46+00:00,2026-05-13T05:18:57+00:00,2026-05-13T05:18:57+00:00,2026-05-13T05:18:56+00:00,approved_by_user_20260513_backend_api_pilot_100_20260513_051856,backend_api_company_expire
1776,ASX,catalyst,Pettimed's capital raising at 1 cent per share,commentary:youtube_transcript,youtube_transcript:asx-daily-rundown-atlassian-lifts-tech-a2-milk-recall-shock-accent-group-all-time-lows:88e960386e503796,active,expired,2026-05-05T04:20:50+00:00,2026-05-13T05:18:57+00:00,2026-05-13T05:18:57+00:00,2026-05-13T05:18:56+00:00,approved_by_user_20260513_backend_api_pilot_100_20260513_051856,backend_api_company_expire
1777,TXT,catalyst,Pettimed's capital raising at 1 cent per share,commentary:youtube_transcript,youtube_transcript:asx-daily-rundown-atlassian-lifts-tech-a2-milk-recall-shock-accent-group-all-time-lows:88e960386e503796,active,expired,2026-05-05T04:20:50+00:00,2026-05-13T05:18:57+00:00,2026-05-13T05:18:57+00:00,2026-05-13T05:18:56+00:00,approved_by_user_20260513_backend_api_pilot_100_20260513_051856,backend_api_company_expire
1778,XTX,catalyst,Pettimed's capital raising at 1 cent per share,commentary:youtube_transcript,youtube_transcript:asx-daily-rundown-atlassian-lifts-tech-a2-milk-recall-shock-accent-group-all-time-lows:88e960386e503796,active,expired,2026-05-05T04:20:50+00:00,2026-05-13T05:18:57+00:00,2026-05-13T05:18:57+00:00,2026-05-13T05:18:56+00:00,approved_by_user_20260513_backend_api_pilot_100_20260513_051856,backend_api_company_expire
1779,A2M,catalyst,Pettimed's capital raising at 1 cent per share,commentary:youtube_transcript,youtube_transcript:asx-daily-rundown-atlassian-lifts-tech-a2-milk-recall-shock-accent-group-all-time-lows:88e960386e503796,active,expired,2026-05-05T04:20:50+00:00,2026-05-13T05:18:57+00:00,2026-05-13T05:18:57+00:00,2026-05-13T05:18:56+00:00,approved_by_user_20260513_backend_api_pilot_100_20260513_051856,backend_api_company_expire
1780,ENDV,catalyst,Pettimed's capital raising at 1 cent per share,commentary:youtube_transcript,youtube_transcript:asx-daily-rundown-atlassian-lifts-tech-a2-milk-recall-shock-accent-group-all-time-lows:88e960386e503796,active,expired,2026-05-05T04:20:50+00:00,2026-05-13T05:18:57+00:00,2026-05-13T05:18:57+00:00,2026-05-13T05:18:56+00:00,approved_by_user_20260513_backend_api_pilot_100_20260513_051856,backend_api_company_expire
1781,COH,catalyst,Pettimed's capital raising at 1 cent per share,commentary:youtube_transcript,youtube_transcript:asx-daily-rundown-atlassian-lifts-tech-a2-milk-recall-shock-accent-group-all-time-lows:88e960386e503796,active,expired,2026-05-05T04:20:51+00:00,2026-05-13T05:18:57+00:00,2026-05-13T05:18:57+00:00,2026-05-13T05:18:56+00:00,approved_by_user_20260513_backend_api_pilot_100_20260513_051856,backend_api_company_expire
1782,BHP,catalyst,Pettimed's capital raising at 1 cent per share,commentary:youtube_transcript,youtube_transcript:asx-daily-rundown-atlassian-lifts-tech-a2-milk-recall-shock-accent-group-all-time-lows:88e960386e503796,active,expired,2026-05-05T04:20:51+00:00,2026-05-13T05:18:57+00:00,2026-05-13T05:18:57+00:00,2026-05-13T05:18:56+00:00,approved_by_user_20260513_backend_api_pilot_100_20260513_051856,backend_api_company_expire
1783,WES,catalyst,Pettimed's capital raising at 1 cent per share,commentary:youtube_transcript,youtube_transcript:asx-daily-rundown-atlassian-lifts-tech-a2-milk-recall-shock-accent-group-all-time-lows:88e960386e503796,active,expired,2026-05-05T04:20:51+00:00,2026-05-13T05:18:57+00:00,2026-05-13T05:18:57+00:00,2026-05-13T05:18:56+00:00,approved_by_user_20260513_backend_api_pilot_100_20260513_051856,backend_api_company_expire
1784,NAB,catalyst,Pettimed's capital raising at 1 cent per share,commentary:youtube_transcript,youtube_transcript:asx-daily-rundown-atlassian-lifts-tech-a2-milk-recall-shock-accent-group-all-time-lows:88e960386e503796,active,expired,2026-05-05T04:20:52+00:00,2026-05-13T05:18:57+00:00,2026-05-13T05:18:57+00:00,2026-05-13T05:18:56+00:00,approved_by_user_20260513_backend_api_pilot_100_20260513_051856,backend_api_company_expire
1785,WBC,catalyst,Pettimed's capital raising at 1 cent per share,commentary:youtube_transcript,youtube_transcript:asx-daily-rundown-atlassian-lifts-tech-a2-milk-recall-shock-accent-group-all-time-lows:88e960386e503796,active,expired,2026-05-05T04:20:53+00:00,2026-05-13T05:18:57+00:00,2026-05-13T05:18:57+00:00,2026-05-13T05:18:56+00:00,approved_by_user_20260513_backend_api_pilot_100_20260513_051856,backend_api_company_expire
1786,KEYP,catalyst,Pettimed's capital raising at 1 cent per share,commentary:youtube_transcript,youtube_transcript:asx-daily-rundown-atlassian-lifts-tech-a2-milk-recall-shock-accent-group-all-time-lows:88e960386e503796,active,expired,2026-05-05T04:20:53+00:00,2026-05-13T05:18:57+00:00,2026-05-13T05:18:57+00:00,2026-05-13T05:18:56+00:00,approved_by_user_20260513_backend_api_pilot_100_20260513_051856,backend_api_company_expire
1787,GCMC,catalyst,Pettimed's capital raising at 1 cent per share,commentary:youtube_transcript,youtube_transcript:asx-daily-rundown-atlassian-lifts-tech-a2-milk-recall-shock-accent-group-all-time-lows:88e960386e503796,active,expired,2026-05-05T04:20:53+00:00,2026-05-13T05:18:58+00:00,2026-05-13T05:18:58+00:00,2026-05-13T05:18:56+00:00,approved_by_user_20260513_backend_api_pilot_100_20260513_051856,backend_api_company_expire
1788,MARINO,catalyst,Pettimed's capital raising at 1 cent per share,commentary:youtube_transcript,youtube_transcript:asx-daily-rundown-atlassian-lifts-tech-a2-milk-recall-shock-accent-group-all-time-lows:88e960386e503796,active,expired,2026-05-05T04:20:53+00:00,2026-05-13T05:18:58+00:00,2026-05-13T05:18:58+00:00,2026-05-13T05:18:56+00:00,approved_by_user_20260513_backend_api_pilot_100_20260513_051856,backend_api_company_expire
1789,CLAR,catalyst,Pettimed's capital raising at 1 cent per share,commentary:youtube_transcript,youtube_transcript:asx-daily-rundown-atlassian-lifts-tech-a2-milk-recall-shock-accent-group-all-time-lows:88e960386e503796,active,expired,2026-05-05T04:20:53+00:00,2026-05-13T05:18:58+00:00,2026-05-13T05:18:58+00:00,2026-05-13T05:18:56+00:00,approved_by_user_20260513_backend_api_pilot_100_20260513_051856,backend_api_company_expire
1790,WIN,catalyst,Pettimed's capital raising at 1 cent per share,commentary:youtube_transcript,youtube_transcript:asx-daily-rundown-atlassian-lifts-tech-a2-milk-recall-shock-accent-group-all-time-lows:88e960386e503796,active,expired,2026-05-05T04:20:54+00:00,2026-05-13T05:18:59+00:00,2026-05-13T05:18:59+00:00,2026-05-13T05:18:56+00:00,approved_by_user_20260513_backend_api_pilot_100_20260513_051856,backend_api_company_expire
1791,LIVN,catalyst,Pettimed's capital raising at 1 cent per share,commentary:youtube_transcript,youtube_transcript:asx-daily-rundown-atlassian-lifts-tech-a2-milk-recall-shock-accent-group-all-time-lows:88e960386e503796,active,expired,2026-05-05T04:20:54+00:00,2026-05-13T05:18:59+00:00,2026-05-13T05:18:59+00:00,2026-05-13T05:18:56+00:00,approved_by_user_20260513_backend_api_pilot_100_20260513_051856,backend_api_company_expire
1792,SKT,catalyst,Pettimed's capital raising at 1 cent per share,commentary:youtube_transcript,youtube_transcript:asx-daily-rundown-atlassian-lifts-tech-a2-milk-recall-shock-accent-group-all-time-lows:88e960386e503796,active,expired,2026-05-05T04:20:54+00:00,2026-05-13T05:18:59+00:00,2026-05-13T05:18:59+00:00,2026-05-13T05:18:56+00:00,approved_by_user_20260513_backend_api_pilot_100_20260513_051856,backend_api_company_expire
1793,VCE,catalyst,Pettimed's capital raising at 1 cent per share,commentary:youtube_transcript,youtube_transcript:asx-daily-rundown-atlassian-lifts-tech-a2-milk-recall-shock-accent-group-all-time-lows:88e960386e503796,active,expired,2026-05-05T04:20:54+00:00,2026-05-13T05:18:59+00:00,2026-05-13T05:18:59+00:00,2026-05-13T05:18:56+00:00,approved_by_user_20260513_backend_api_pilot_100_20260513_051856,backend_api_company_expire
1794,SN,catalyst,Pettimed's capital raising at 1 cent per share,commentary:youtube_transcript,youtube_transcript:asx-daily-rundown-atlassian-lifts-tech-a2-milk-recall-shock-accent-group-all-time-lows:88e960386e503796,active,expired,2026-05-05T04:20:55+00:00,2026-05-13T05:18:59+00:00,2026-05-13T05:18:59+00:00,2026-05-13T05:18:56+00:00,approved_by_user_20260513_backend_api_pilot_100_20260513_051856,backend_api_company_expire
1795,LION,catalyst,Pettimed's capital raising at 1 cent per share,commentary:youtube_transcript,youtube_transcript:asx-daily-rundown-atlassian-lifts-tech-a2-milk-recall-shock-accent-group-all-time-lows:88e960386e503796,active,expired,2026-05-05T04:20:55+00:00,2026-05-13T05:18:59+00:00,2026-05-13T05:18:59+00:00,2026-05-13T05:18:56+00:00,approved_by_user_20260513_backend_api_pilot_100_20260513_051856,backend_api_company_expire
1797,INDE,catalyst,Pettimed's capital raising at 1 cent per share,commentary:youtube_transcript,youtube_transcript:asx-daily-rundown-atlassian-lifts-tech-a2-milk-recall-shock-accent-group-all-time-lows:88e960386e503796,active,expired,2026-05-05T04:20:56+00:00,2026-05-13T05:18:59+00:00,2026-05-13T05:18:59+00:00,2026-05-13T05:18:56+00:00,approved_by_user_20260513_backend_api_pilot_100_20260513_051856,backend_api_company_expire
1798,C79,catalyst,Pettimed's capital raising at 1 cent per share,commentary:youtube_transcript,youtube_transcript:asx-daily-rundown-atlassian-lifts-tech-a2-milk-recall-shock-accent-group-all-time-lows:88e960386e503796,active,expired,2026-05-05T04:20:56+00:00,2026-05-13T05:18:59+00:00,2026-05-13T05:18:59+00:00,2026-05-13T05:18:56+00:00,approved_by_user_20260513_backend_api_pilot_100_20260513_051856,backend_api_company_expire
258,ASX,observed_fact,A2 MILK's share price dropped 10% due to a product recall,commentary:youtube_transcript,youtube_transcript:asx-daily-rundown-atlassian-lifts-tech-a2-milk-recall-shock-accent-group-all-time-lows:88e960386e503796,active,expired,2026-05-04T08:23:57+00:00,2026-05-13T05:18:59+00:00,2026-05-13T05:18:59+00:00,2026-05-13T05:18:56+00:00,approved_by_user_20260513_backend_api_pilot_100_20260513_051856,backend_api_company_expire
259,TXT,observed_fact,A2 MILK's share price dropped 10% due to a product recall,commentary:youtube_transcript,youtube_transcript:asx-daily-rundown-atlassian-lifts-tech-a2-milk-recall-shock-accent-group-all-time-lows:88e960386e503796,active,expired,2026-05-04T08:23:57+00:00,2026-05-13T05:18:59+00:00,2026-05-13T05:18:59+00:00,2026-05-13T05:18:56+00:00,approved_by_user_20260513_backend_api_pilot_100_20260513_051856,backend_api_company_expire
260,XTX,observed_fact,A2 MILK's share price dropped 10% due to a product recall,commentary:youtube_transcript,youtube_transcript:asx-daily-rundown-atlassian-lifts-tech-a2-milk-recall-shock-accent-group-all-time-lows:88e960386e503796,active,expired,2026-05-04T08:23:57+00:00,2026-05-13T05:18:59+00:00,2026-05-13T05:18:59+00:00,2026-05-13T05:18:56+00:00,approved_by_user_20260513_backend_api_pilot_100_20260513_051856,backend_api_company_expire
263,ATLASSIAN,observed_fact,A2 MILK's share price dropped 10% due to a product recall,commentary:youtube_transcript,youtube_transcript:asx-daily-rundown-atlassian-lifts-tech-a2-milk-recall-shock-accent-group-all-time-lows:88e960386e503796,active,expired,2026-05-04T08:23:58+00:00,2026-05-13T05:18:59+00:00,2026-05-13T05:18:59+00:00,2026-05-13T05:18:56+00:00,approved_by_user_20260513_backend_api_pilot_100_20260513_051856,backend_api_company_expire
264,NAB,observed_fact,A2 MILK's share price dropped 10% due to a product recall,commentary:youtube_transcript,youtube_transcript:asx-daily-rundown-atlassian-lifts-tech-a2-milk-recall-shock-accent-group-all-time-lows:88e960386e503796,active,expired,2026-05-04T08:23:58+00:00,2026-05-13T05:18:59+00:00,2026-05-13T05:18:59+00:00,2026-05-13T05:18:56+00:00,approved_by_user_20260513_backend_api_pilot_100_20260513_051856,backend_api_company_expire
265,BHP,observed_fact,A2 MILK's share price dropped 10% due to a product recall,commentary:youtube_transcript,youtube_transcript:asx-daily-rundown-atlassian-lifts-tech-a2-milk-recall-shock-accent-group-all-time-lows:88e960386e503796,active,expired,2026-05-04T08:23:59+00:00,2026-05-13T05:18:59+00:00,2026-05-13T05:18:59+00:00,2026-05-13T05:18:56+00:00,approved_by_user_20260513_backend_api_pilot_100_20260513_051856,backend_api_company_expire
269,CLARITY,observed_fact,A2 MILK's share price dropped 10% due to a product recall,commentary:youtube_transcript,youtube_transcript:asx-daily-rundown-atlassian-lifts-tech-a2-milk-recall-shock-accent-group-all-time-lows:88e960386e503796,active,expired,2026-05-04T08:23:59+00:00,2026-05-13T05:18:59+00:00,2026-05-13T05:18:59+00:00,2026-05-13T05:18:56+00:00,approved_by_user_20260513_backend_api_pilot_100_20260513_051856,backend_api_company_expire
274,IMRO,observed_fact,A2 MILK's share price dropped 10% due to a product recall,commentary:youtube_transcript,youtube_transcript:asx-daily-rundown-atlassian-lifts-tech-a2-milk-recall-shock-accent-group-all-time-lows:88e960386e503796,active,expired,2026-05-04T08:24:00+00:00,2026-05-13T05:18:59+00:00,2026-05-13T05:18:59+00:00,2026-05-13T05:18:56+00:00,approved_by_user_20260513_backend_api_pilot_100_20260513_051856,backend_api_company_expire
275,PENINSULA,observed_fact,A2 MILK's share price dropped 10% due to a product recall,commentary:youtube_transcript,youtube_transcript:asx-daily-rundown-atlassian-lifts-tech-a2-milk-recall-shock-accent-group-all-time-lows:88e960386e503796,active,expired,2026-05-04T08:24:00+00:00,2026-05-13T05:18:59+00:00,2026-05-13T05:18:59+00:00,2026-05-13T05:18:56+00:00,approved_by_user_20260513_backend_api_pilot_100_20260513_051856,backend_api_company_expire
277,VERITUS,observed_fact,A2 MILK's share price dropped 10% due to a product recall,commentary:youtube_transcript,youtube_transcript:asx-daily-rundown-atlassian-lifts-tech-a2-milk-recall-shock-accent-group-all-time-lows:88e960386e503796,active,expired,2026-05-04T08:24:01+00:00,2026-05-13T05:18:59+00:00,2026-05-13T05:18:59+00:00,2026-05-13T05:18:56+00:00,approved_by_user_20260513_backend_api_pilot_100_20260513_051856,backend_api_company_expire
278,PETTIMED,observed_fact,A2 MILK's share price dropped 10% due to a product recall,commentary:youtube_transcript,youtube_transcript:asx-daily-rundown-atlassian-lifts-tech-a2-milk-recall-shock-accent-group-all-time-lows:88e960386e503796,active,expired,2026-05-04T08:24:01+00:00,2026-05-13T05:19:00+00:00,2026-05-13T05:19:00+00:00,2026-05-13T05:18:56+00:00,approved_by_user_20260513_backend_api_pilot_100_20260513_051856,backend_api_company_expire
279,IMPEDIMED,observed_fact,A2 MILK's share price dropped 10% due to a product recall,commentary:youtube_transcript,youtube_transcript:asx-daily-rundown-atlassian-lifts-tech-a2-milk-recall-shock-accent-group-all-time-lows:88e960386e503796,active,expired,2026-05-04T08:24:01+00:00,2026-05-13T05:19:00+00:00,2026-05-13T05:19:00+00:00,2026-05-13T05:18:56+00:00,approved_by_user_20260513_backend_api_pilot_100_20260513_051856,backend_api_company_expire
280,INDE,observed_fact,A2 MILK's share price dropped 10% due to a product recall,commentary:youtube_transcript,youtube_transcript:asx-daily-rundown-atlassian-lifts-tech-a2-milk-recall-shock-accent-group-all-time-lows:88e960386e503796,active,expired,2026-05-04T08:24:01+00:00,2026-05-13T05:19:00+00:00,2026-05-13T05:19:00+00:00,2026-05-13T05:18:56+00:00,approved_by_user_20260513_backend_api_pilot_100_20260513_051856,backend_api_company_expire
281,PETT,observed_fact,A2 MILK's share price dropped 10% due to a product recall,commentary:youtube_transcript,youtube_transcript:asx-daily-rundown-atlassian-lifts-tech-a2-milk-recall-shock-accent-group-all-time-lows:88e960386e503796,active,expired,2026-05-04T08:24:01+00:00,2026-05-13T05:19:00+00:00,2026-05-13T05:19:00+00:00,2026-05-13T05:18:56+00:00,approved_by_user_20260513_backend_api_pilot_100_20260513_051856,backend_api_company_expire
282,C79,observed_fact,A2 MILK's share price dropped 10% due to a product recall,commentary:youtube_transcript,youtube_transcript:asx-daily-rundown-atlassian-lifts-tech-a2-milk-recall-shock-accent-group-all-time-lows:88e960386e503796,active,expired,2026-05-04T08:24:01+00:00,2026-05-13T05:19:01+00:00,2026-05-13T05:19:01+00:00,2026-05-13T05:18:56+00:00,approved_by_user_20260513_backend_api_pilot_100_20260513_051856,backend_api_company_expire
811,END,observed_fact,A2 MILK's share price dropped 10% due to a product recall,commentary:youtube_transcript,youtube_transcript:asx-daily-rundown-atlassian-lifts-tech-a2-milk-recall-shock-accent-group-all-time-lows:88e960386e503796,active,expired,2026-05-04T08:25:36+00:00,2026-05-13T05:19:01+00:00,2026-05-13T05:19:01+00:00,2026-05-13T05:18:56+00:00,approved_by_user_20260513_backend_api_pilot_100_20260513_051856,backend_api_company_expire
812,COH,observed_fact,A2 MILK's share price dropped 10% due to a product recall,commentary:youtube_transcript,youtube_transcript:asx-daily-rundown-atlassian-lifts-tech-a2-milk-recall-shock-accent-group-all-time-lows:88e960386e503796,active,expired,2026-05-04T08:25:36+00:00,2026-05-13T05:19:01+00:00,2026-05-13T05:19:01+00:00,2026-05-13T05:18:56+00:00,approved_by_user_20260513_backend_api_pilot_100_20260513_051856,backend_api_company_expire
813,WES,observed_fact,A2 MILK's share price dropped 10% due to a product recall,commentary:youtube_transcript,youtube_transcript:asx-daily-rundown-atlassian-lifts-tech-a2-milk-recall-shock-accent-group-all-time-lows:88e960386e503796,active,expired,2026-05-04T08:25:36+00:00,2026-05-13T05:19:01+00:00,2026-05-13T05:19:01+00:00,2026-05-13T05:18:56+00:00,approved_by_user_20260513_backend_api_pilot_100_20260513_051856,backend_api_company_expire
814,WBC,observed_fact,A2 MILK's share price dropped 10% due to a product recall,commentary:youtube_transcript,youtube_transcript:asx-daily-rundown-atlassian-lifts-tech-a2-milk-recall-shock-accent-group-all-time-lows:88e960386e503796,active,expired,2026-05-04T08:25:36+00:00,2026-05-13T05:19:01+00:00,2026-05-13T05:19:01+00:00,2026-05-13T05:18:56+00:00,approved_by_user_20260513_backend_api_pilot_100_20260513_051856,backend_api_company_expire
815,KEY,observed_fact,A2 MILK's share price dropped 10% due to a product recall,commentary:youtube_transcript,youtube_transcript:asx-daily-rundown-atlassian-lifts-tech-a2-milk-recall-shock-accent-group-all-time-lows:88e960386e503796,active,expired,2026-05-04T08:25:36+00:00,2026-05-13T05:19:01+00:00,2026-05-13T05:19:01+00:00,2026-05-13T05:18:56+00:00,approved_by_user_20260513_backend_api_pilot_100_20260513_051856,backend_api_company_expire
816,GCM,observed_fact,A2 MILK's share price dropped 10% due to a product recall,commentary:youtube_transcript,youtube_transcript:asx-daily-rundown-atlassian-lifts-tech-a2-milk-recall-shock-accent-group-all-time-lows:88e960386e503796,active,expired,2026-05-04T08:25:37+00:00,2026-05-13T05:19:01+00:00,2026-05-13T05:19:01+00:00,2026-05-13T05:18:56+00:00,approved_by_user_20260513_backend_api_pilot_100_20260513_051856,backend_api_company_expire
817,MAR,observed_fact,A2 MILK's share price dropped 10% due to a product recall,commentary:youtube_transcript,youtube_transcript:asx-daily-rundown-atlassian-lifts-tech-a2-milk-recall-shock-accent-group-all-time-lows:88e960386e503796,active,expired,2026-05-04T08:25:37+00:00,2026-05-13T05:19:01+00:00,2026-05-13T05:19:01+00:00,2026-05-13T05:18:56+00:00,approved_by_user_20260513_backend_api_pilot_100_20260513_051856,backend_api_company_expire
818,CLT,observed_fact,A2 MILK's share price dropped 10% due to a product recall,commentary:youtube_transcript,youtube_transcript:asx-daily-rundown-atlassian-lifts-tech-a2-milk-recall-shock-accent-group-all-time-lows:88e960386e503796,active,expired,2026-05-04T08:25:37+00:00,2026-05-13T05:19:01+00:00,2026-05-13T05:19:01+00:00,2026-05-13T05:18:56+00:00,approved_by_user_20260513_backend_api_pilot_100_20260513_051856,backend_api_company_expire
819,WIN,observed_fact,A2 MILK's share price dropped 10% due to a product recall,commentary:youtube_transcript,youtube_transcript:asx-daily-rundown-atlassian-lifts-tech-a2-milk-recall-shock-accent-group-all-time-lows:88e960386e503796,active,expired,2026-05-04T08:25:37+00:00,2026-05-13T05:19:01+00:00,2026-05-13T05:19:01+00:00,2026-05-13T05:18:56+00:00,approved_by_user_20260513_backend_api_pilot_100_20260513_051856,backend_api_company_expire
820,SKT,observed_fact,A2 MILK's share price dropped 10% due to a product recall,commentary:youtube_transcript,youtube_transcript:asx-daily-rundown-atlassian-lifts-tech-a2-milk-recall-shock-accent-group-all-time-lows:88e960386e503796,active,expired,2026-05-04T08:25:37+00:00,2026-05-13T05:19:01+00:00,2026-05-13T05:19:01+00:00,2026-05-13T05:18:56+00:00,approved_by_user_20260513_backend_api_pilot_100_20260513_051856,backend_api_company_expire
821,VCE,observed_fact,A2 MILK's share price dropped 10% due to a product recall,commentary:youtube_transcript,youtube_transcript:asx-daily-rundown-atlassian-lifts-tech-a2-milk-recall-shock-accent-group-all-time-lows:88e960386e503796,active,expired,2026-05-04T08:25:37+00:00,2026-05-13T05:19:01+00:00,2026-05-13T05:19:01+00:00,2026-05-13T05:18:56+00:00,approved_by_user_20260513_backend_api_pilot_100_20260513_051856,backend_api_company_expire
822,SNW,observed_fact,A2 MILK's share price dropped 10% due to a product recall,commentary:youtube_transcript,youtube_transcript:asx-daily-rundown-atlassian-lifts-tech-a2-milk-recall-shock-accent-group-all-time-lows:88e960386e503796,active,expired,2026-05-04T08:25:37+00:00,2026-05-13T05:19:02+00:00,2026-05-13T05:19:02+00:00,2026-05-13T05:18:56+00:00,approved_by_user_20260513_backend_api_pilot_100_20260513_051856,backend_api_company_expire
823,LON,observed_fact,A2 MILK's share price dropped 10% due to a product recall,commentary:youtube_transcript,youtube_transcript:asx-daily-rundown-atlassian-lifts-tech-a2-milk-recall-shock-accent-group-all-time-lows:88e960386e503796,active,expired,2026-05-04T08:25:38+00:00,2026-05-13T05:19:02+00:00,2026-05-13T05:19:02+00:00,2026-05-13T05:18:56+00:00,approved_by_user_20260513_backend_api_pilot_100_20260513_051856,backend_api_company_expire
824,PET,observed_fact,A2 MILK's share price dropped 10% due to a product recall,commentary:youtube_transcript,youtube_transcript:asx-daily-rundown-atlassian-lifts-tech-a2-milk-recall-shock-accent-group-all-time-lows:88e960386e503796,active,expired,2026-05-04T08:25:38+00:00,2026-05-13T05:19:02+00:00,2026-05-13T05:19:02+00:00,2026-05-13T05:18:56+00:00,approved_by_user_20260513_backend_api_pilot_100_20260513_051856,backend_api_company_expire
825,STK,observed_fact,A2 MILK's share price dropped 10% due to a product recall,commentary:youtube_transcript,youtube_transcript:asx-daily-rundown-atlassian-lifts-tech-a2-milk-recall-shock-accent-group-all-time-lows:88e960386e503796,active,expired,2026-05-04T08:25:38+00:00,2026-05-13T05:19:02+00:00,2026-05-13T05:19:02+00:00,2026-05-13T05:18:56+00:00,approved_by_user_20260513_backend_api_pilot_100_20260513_051856,backend_api_company_expire
1697,ENDV,observed_fact,A2 MILK's share price dropped 10% due to a product recall,commentary:youtube_transcript,youtube_transcript:asx-daily-rundown-atlassian-lifts-tech-a2-milk-recall-shock-accent-group-all-time-lows:88e960386e503796,active,expired,2026-05-05T04:19:46+00:00,2026-05-13T05:19:02+00:00,2026-05-13T05:19:02+00:00,2026-05-13T05:18:56+00:00,approved_by_user_20260513_backend_api_pilot_100_20260513_051856,backend_api_company_expire
1698,KEYP,observed_fact,A2 MILK's share price dropped 10% due to a product recall,commentary:youtube_transcript,youtube_transcript:asx-daily-rundown-atlassian-lifts-tech-a2-milk-recall-shock-accent-group-all-time-lows:88e960386e503796,active,expired,2026-05-05T04:19:48+00:00,2026-05-13T05:19:02+00:00,2026-05-13T05:19:02+00:00,2026-05-13T05:18:56+00:00,approved_by_user_20260513_backend_api_pilot_100_20260513_051856,backend_api_company_expire
1699,GCMC,observed_fact,A2 MILK's share price dropped 10% due to a product recall,commentary:youtube_transcript,youtube_transcript:asx-daily-rundown-atlassian-lifts-tech-a2-milk-recall-shock-accent-group-all-time-lows:88e960386e503796,active,expired,2026-05-05T04:19:48+00:00,2026-05-13T05:19:03+00:00,2026-05-13T05:19:03+00:00,2026-05-13T05:18:56+00:00,approved_by_user_20260513_backend_api_pilot_100_20260513_051856,backend_api_company_expire
1700,MARINO,observed_fact,A2 MILK's share price dropped 10% due to a product recall,commentary:youtube_transcript,youtube_transcript:asx-daily-rundown-atlassian-lifts-tech-a2-milk-recall-shock-accent-group-all-time-lows:88e960386e503796,active,expired,2026-05-05T04:19:48+00:00,2026-05-13T05:19:03+00:00,2026-05-13T05:19:03+00:00,2026-05-13T05:18:56+00:00,approved_by_user_20260513_backend_api_pilot_100_20260513_051856,backend_api_company_expire
1701,CLAR,observed_fact,A2 MILK's share price dropped 10% due to a product recall,commentary:youtube_transcript,youtube_transcript:asx-daily-rundown-atlassian-lifts-tech-a2-milk-recall-shock-accent-group-all-time-lows:88e960386e503796,active,expired,2026-05-05T04:19:48+00:00,2026-05-13T05:19:03+00:00,2026-05-13T05:19:03+00:00,2026-05-13T05:18:56+00:00,approved_by_user_20260513_backend_api_pilot_100_20260513_051856,backend_api_company_expire
1702,LIVN,observed_fact,A2 MILK's share price dropped 10% due to a product recall,commentary:youtube_transcript,youtube_transcript:asx-daily-rundown-atlassian-lifts-tech-a2-milk-recall-shock-accent-group-all-time-lows:88e960386e503796,active,expired,2026-05-05T04:19:49+00:00,2026-05-13T05:19:03+00:00,2026-05-13T05:19:03+00:00,2026-05-13T05:18:56+00:00,approved_by_user_20260513_backend_api_pilot_100_20260513_051856,backend_api_company_expire
1703,SN,observed_fact,A2 MILK's share price dropped 10% due to a product recall,commentary:youtube_transcript,youtube_transcript:asx-daily-rundown-atlassian-lifts-tech-a2-milk-recall-shock-accent-group-all-time-lows:88e960386e503796,active,expired,2026-05-05T04:19:50+00:00,2026-05-13T05:19:03+00:00,2026-05-13T05:19:03+00:00,2026-05-13T05:18:56+00:00,approved_by_user_20260513_backend_api_pilot_100_20260513_051856,backend_api_company_expire
1704,LION,observed_fact,A2 MILK's share price dropped 10% due to a product recall,commentary:youtube_transcript,youtube_transcript:asx-daily-rundown-atlassian-lifts-tech-a2-milk-recall-shock-accent-group-all-time-lows:88e960386e503796,active,expired,2026-05-05T04:19:50+00:00,2026-05-13T05:19:03+00:00,2026-05-13T05:19:03+00:00,2026-05-13T05:18:56+00:00,approved_by_user_20260513_backend_api_pilot_100_20260513_051856,backend_api_company_expire
285,ASX,observed_fact,A2 MILK's share price has dropped from almost $10 back to $6.59 in a few months,commentary:youtube_transcript,youtube_transcript:asx-daily-rundown-atlassian-lifts-tech-a2-milk-recall-shock-accent-group-all-time-lows:88e960386e503796,active,expired,2026-05-04T08:24:02+00:00,2026-05-13T05:19:03+00:00,2026-05-13T05:19:03+00:00,2026-05-13T05:18:56+00:00,approved_by_user_20260513_backend_api_pilot_100_20260513_051856,backend_api_company_expire
286,TXT,observed_fact,A2 MILK's share price has dropped from almost $10 back to $6.59 in a few months,commentary:youtube_transcript,youtube_transcript:asx-daily-rundown-atlassian-lifts-tech-a2-milk-recall-shock-accent-group-all-time-lows:88e960386e503796,active,expired,2026-05-04T08:24:02+00:00,2026-05-13T05:19:03+00:00,2026-05-13T05:19:03+00:00,2026-05-13T05:18:56+00:00,approved_by_user_20260513_backend_api_pilot_100_20260513_051856,backend_api_company_expire
287,XTX,observed_fact,A2 MILK's share price has dropped from almost $10 back to $6.59 in a few months,commentary:youtube_transcript,youtube_transcript:asx-daily-rundown-atlassian-lifts-tech-a2-milk-recall-shock-accent-group-all-time-lows:88e960386e503796,active,expired,2026-05-04T08:24:02+00:00,2026-05-13T05:19:04+00:00,2026-05-13T05:19:04+00:00,2026-05-13T05:18:56+00:00,approved_by_user_20260513_backend_api_pilot_100_20260513_051856,backend_api_company_expire
290,ATLASSIAN,observed_fact,A2 MILK's share price has dropped from almost $10 back to $6.59 in a few months,commentary:youtube_transcript,youtube_transcript:asx-daily-rundown-atlassian-lifts-tech-a2-milk-recall-shock-accent-group-all-time-lows:88e960386e503796,active,expired,2026-05-04T08:24:02+00:00,2026-05-13T05:19:04+00:00,2026-05-13T05:19:04+00:00,2026-05-13T05:18:56+00:00,approved_by_user_20260513_backend_api_pilot_100_20260513_051856,backend_api_company_expire
291,NAB,observed_fact,A2 MILK's share price has dropped from almost $10 back to $6.59 in a few months,commentary:youtube_transcript,youtube_transcript:asx-daily-rundown-atlassian-lifts-tech-a2-milk-recall-shock-accent-group-all-time-lows:88e960386e503796,active,expired,2026-05-04T08:24:02+00:00,2026-05-13T05:19:04+00:00,2026-05-13T05:19:04+00:00,2026-05-13T05:18:56+00:00,approved_by_user_20260513_backend_api_pilot_100_20260513_051856,backend_api_company_expire
292,BHP,observed_fact,A2 MILK's share price has dropped from almost $10 back to $6.59 in a few months,commentary:youtube_transcript,youtube_transcript:asx-daily-rundown-atlassian-lifts-tech-a2-milk-recall-shock-accent-group-all-time-lows:88e960386e503796,active,expired,2026-05-04T08:24:02+00:00,2026-05-13T05:19:04+00:00,2026-05-13T05:19:04+00:00,2026-05-13T05:18:56+00:00,approved_by_user_20260513_backend_api_pilot_100_20260513_051856,backend_api_company_expire
296,CLARITY,observed_fact,A2 MILK's share price has dropped from almost $10 back to $6.59 in a few months,commentary:youtube_transcript,youtube_transcript:asx-daily-rundown-atlassian-lifts-tech-a2-milk-recall-shock-accent-group-all-time-lows:88e960386e503796,active,expired,2026-05-04T08:24:04+00:00,2026-05-13T05:19:04+00:00,2026-05-13T05:19:04+00:00,2026-05-13T05:18:56+00:00,approved_by_user_20260513_backend_api_pilot_100_20260513_051856,backend_api_company_expire
301,IMRO,observed_fact,A2 MILK's share price has dropped from almost $10 back to $6.59 in a few months,commentary:youtube_transcript,youtube_transcript:asx-daily-rundown-atlassian-lifts-tech-a2-milk-recall-shock-accent-group-all-time-lows:88e960386e503796,active,expired,2026-05-04T08:24:05+00:00,2026-05-13T05:19:04+00:00,2026-05-13T05:19:04+00:00,2026-05-13T05:18:56+00:00,approved_by_user_20260513_backend_api_pilot_100_20260513_051856,backend_api_company_expire
302,PENINSULA,observed_fact,A2 MILK's share price has dropped from almost $10 back to $6.59 in a few months,commentary:youtube_transcript,youtube_transcript:asx-daily-rundown-atlassian-lifts-tech-a2-milk-recall-shock-accent-group-all-time-lows:88e960386e503796,active,expired,2026-05-04T08:24:05+00:00,2026-05-13T05:19:04+00:00,2026-05-13T05:19:04+00:00,2026-05-13T05:18:56+00:00,approved_by_user_20260513_backend_api_pilot_100_20260513_051856,backend_api_company_expire
304,VERITUS,observed_fact,A2 MILK's share price has dropped from almost $10 back to $6.59 in a few months,commentary:youtube_transcript,youtube_transcript:asx-daily-rundown-atlassian-lifts-tech-a2-milk-recall-shock-accent-group-all-time-lows:88e960386e503796,active,expired,2026-05-04T08:24:05+00:00,2026-05-13T05:19:04+00:00,2026-05-13T05:19:04+00:00,2026-05-13T05:18:56+00:00,approved_by_user_20260513_backend_api_pilot_100_20260513_051856,backend_api_company_expire
305,PETTIMED,observed_fact,A2 MILK's share price has dropped from almost $10 back to $6.59 in a few months,commentary:youtube_transcript,youtube_transcript:asx-daily-rundown-atlassian-lifts-tech-a2-milk-recall-shock-accent-group-all-time-lows:88e960386e503796,active,expired,2026-05-04T08:24:05+00:00,2026-05-13T05:19:05+00:00,2026-05-13T05:19:05+00:00,2026-05-13T05:18:56+00:00,approved_by_user_20260513_backend_api_pilot_100_20260513_051856,backend_api_company_expire
306,IMPEDIMED,observed_fact,A2 MILK's share price has dropped from almost $10 back to $6.59 in a few months,commentary:youtube_transcript,youtube_transcript:asx-daily-rundown-atlassian-lifts-tech-a2-milk-recall-shock-accent-group-all-time-lows:88e960386e503796,active,expired,2026-05-04T08:24:05+00:00,2026-05-13T05:19:05+00:00,2026-05-13T05:19:05+00:00,2026-05-13T05:18:56+00:00,approved_by_user_20260513_backend_api_pilot_100_20260513_051856,backend_api_company_expire
