row_id,cluster_id,prior_cluster_id,company_id,memory_type,statement,status,confidence,materiality,source,source_id,first_seen_at,last_seen_at,proposed_action,action_basis,cleanup_safe_without_approval,skip_reason
636,active_fanout_0001,fanout_0001,ASX,risk,PETTIMED's capital raising at 1 cent per share,active,0.79,0.91,commentary:youtube_transcript,youtube_transcript:asx-daily-rundown-atlassian-lifts-tech-a2-milk-recall-shock-accent-group-all-time-lows:88e960386e503796,2026-05-04T08:25:00+00:00,2026-05-04T08:25:00+00:00,status_expire_candidate_after_approval,still_active_from_prior_high_confidence_expire_manifest,no,not_active:expired
637,active_fanout_0001,fanout_0001,TXT,risk,PETTIMED's capital raising at 1 cent per share,active,0.79,0.91,commentary:youtube_transcript,youtube_transcript:asx-daily-rundown-atlassian-lifts-tech-a2-milk-recall-shock-accent-group-all-time-lows:88e960386e503796,2026-05-04T08:25:00+00:00,2026-05-04T08:25:00+00:00,status_expire_candidate_after_approval,still_active_from_prior_high_confidence_expire_manifest,no,not_active:expired
638,active_fanout_0001,fanout_0001,XTX,risk,PETTIMED's capital raising at 1 cent per share,active,0.79,0.91,commentary:youtube_transcript,youtube_transcript:asx-daily-rundown-atlassian-lifts-tech-a2-milk-recall-shock-accent-group-all-time-lows:88e960386e503796,2026-05-04T08:25:00+00:00,2026-05-04T08:25:00+00:00,status_expire_candidate_after_approval,still_active_from_prior_high_confidence_expire_manifest,no,not_active:expired
641,active_fanout_0001,fanout_0001,ATLASSIAN,risk,PETTIMED's capital raising at 1 cent per share,active,0.79,0.91,commentary:youtube_transcript,youtube_transcript:asx-daily-rundown-atlassian-lifts-tech-a2-milk-recall-shock-accent-group-all-time-lows:88e960386e503796,2026-05-04T08:25:00+00:00,2026-05-04T08:25:00+00:00,status_expire_candidate_after_approval,still_active_from_prior_high_confidence_expire_manifest,no,not_active:expired
642,active_fanout_0001,fanout_0001,NAB,risk,PETTIMED's capital raising at 1 cent per share,active,0.79,0.91,commentary:youtube_transcript,youtube_transcript:asx-daily-rundown-atlassian-lifts-tech-a2-milk-recall-shock-accent-group-all-time-lows:88e960386e503796,2026-05-04T08:25:01+00:00,2026-05-04T08:25:01+00:00,status_expire_candidate_after_approval,still_active_from_prior_high_confidence_expire_manifest,no,not_active:expired
643,active_fanout_0001,fanout_0001,BHP,risk,PETTIMED's capital raising at 1 cent per share,active,0.79,0.91,commentary:youtube_transcript,youtube_transcript:asx-daily-rundown-atlassian-lifts-tech-a2-milk-recall-shock-accent-group-all-time-lows:88e960386e503796,2026-05-04T08:25:01+00:00,2026-05-04T08:25:01+00:00,status_expire_candidate_after_approval,still_active_from_prior_high_confidence_expire_manifest,no,not_active:expired
647,active_fanout_0001,fanout_0001,CLARITY,risk,PETTIMED's capital raising at 1 cent per share,active,0.79,0.91,commentary:youtube_transcript,youtube_transcript:asx-daily-rundown-atlassian-lifts-tech-a2-milk-recall-shock-accent-group-all-time-lows:88e960386e503796,2026-05-04T08:25:02+00:00,2026-05-04T08:25:02+00:00,status_expire_candidate_after_approval,still_active_from_prior_high_confidence_expire_manifest,no,not_active:expired
652,active_fanout_0001,fanout_0001,IMRO,risk,PETTIMED's capital raising at 1 cent per share,active,0.79,0.91,commentary:youtube_transcript,youtube_transcript:asx-daily-rundown-atlassian-lifts-tech-a2-milk-recall-shock-accent-group-all-time-lows:88e960386e503796,2026-05-04T08:25:02+00:00,2026-05-04T08:25:02+00:00,status_expire_candidate_after_approval,still_active_from_prior_high_confidence_expire_manifest,no,not_active:expired
653,active_fanout_0001,fanout_0001,PENINSULA,risk,PETTIMED's capital raising at 1 cent per share,active,0.79,0.91,commentary:youtube_transcript,youtube_transcript:asx-daily-rundown-atlassian-lifts-tech-a2-milk-recall-shock-accent-group-all-time-lows:88e960386e503796,2026-05-04T08:25:03+00:00,2026-05-04T08:25:03+00:00,status_expire_candidate_after_approval,still_active_from_prior_high_confidence_expire_manifest,no,not_active:expired
655,active_fanout_0001,fanout_0001,VERITUS,risk,PETTIMED's capital raising at 1 cent per share,active,0.79,0.91,commentary:youtube_transcript,youtube_transcript:asx-daily-rundown-atlassian-lifts-tech-a2-milk-recall-shock-accent-group-all-time-lows:88e960386e503796,2026-05-04T08:25:03+00:00,2026-05-04T08:25:03+00:00,status_expire_candidate_after_approval,still_active_from_prior_high_confidence_expire_manifest,no,not_active:expired
657,active_fanout_0001,fanout_0001,IMPEDIMED,risk,PETTIMED's capital raising at 1 cent per share,active,0.79,0.91,commentary:youtube_transcript,youtube_transcript:asx-daily-rundown-atlassian-lifts-tech-a2-milk-recall-shock-accent-group-all-time-lows:88e960386e503796,2026-05-04T08:25:03+00:00,2026-05-04T08:25:03+00:00,status_expire_candidate_after_approval,still_active_from_prior_high_confidence_expire_manifest,no,not_active:expired
658,active_fanout_0001,fanout_0001,INDE,risk,PETTIMED's capital raising at 1 cent per share,active,0.79,0.91,commentary:youtube_transcript,youtube_transcript:asx-daily-rundown-atlassian-lifts-tech-a2-milk-recall-shock-accent-group-all-time-lows:88e960386e503796,2026-05-04T08:25:04+00:00,2026-05-04T08:25:04+00:00,status_expire_candidate_after_approval,still_active_from_prior_high_confidence_expire_manifest,no,not_active:expired
660,active_fanout_0001,fanout_0001,C79,risk,PETTIMED's capital raising at 1 cent per share,active,0.79,0.91,commentary:youtube_transcript,youtube_transcript:asx-daily-rundown-atlassian-lifts-tech-a2-milk-recall-shock-accent-group-all-time-lows:88e960386e503796,2026-05-04T08:25:04+00:00,2026-05-04T08:25:04+00:00,status_expire_candidate_after_approval,still_active_from_prior_high_confidence_expire_manifest,no,not_active:expired
661,active_fanout_0001,fanout_0001,A2M,risk,PETTIMED's capital raising at 1 cent per share,active,0.79,0.91,commentary:youtube_transcript,youtube_transcript:asx-daily-rundown-atlassian-lifts-tech-a2-milk-recall-shock-accent-group-all-time-lows:88e960386e503796,2026-05-04T08:25:04+00:00,2026-05-04T08:25:04+00:00,status_expire_candidate_after_approval,still_active_from_prior_high_confidence_expire_manifest,no,not_active:expired
1065,active_fanout_0001,fanout_0001,END,risk,Pettimed's capital raising at 1 cent per share,active,0.79,0.91,commentary:youtube_transcript,youtube_transcript:asx-daily-rundown-atlassian-lifts-tech-a2-milk-recall-shock-accent-group-all-time-lows:88e960386e503796,2026-05-04T08:26:42+00:00,2026-05-04T08:26:42+00:00,status_expire_candidate_after_approval,still_active_from_prior_high_confidence_expire_manifest,no,not_active:expired
1066,active_fanout_0001,fanout_0001,COH,risk,Pettimed's capital raising at 1 cent per share,active,0.79,0.91,commentary:youtube_transcript,youtube_transcript:asx-daily-rundown-atlassian-lifts-tech-a2-milk-recall-shock-accent-group-all-time-lows:88e960386e503796,2026-05-04T08:26:42+00:00,2026-05-04T08:26:42+00:00,status_expire_candidate_after_approval,still_active_from_prior_high_confidence_expire_manifest,no,not_active:expired
1067,active_fanout_0001,fanout_0001,WES,risk,Pettimed's capital raising at 1 cent per share,active,0.79,0.91,commentary:youtube_transcript,youtube_transcript:asx-daily-rundown-atlassian-lifts-tech-a2-milk-recall-shock-accent-group-all-time-lows:88e960386e503796,2026-05-04T08:26:43+00:00,2026-05-04T08:26:43+00:00,status_expire_candidate_after_approval,still_active_from_prior_high_confidence_expire_manifest,no,not_active:expired
1068,active_fanout_0001,fanout_0001,WBC,risk,Pettimed's capital raising at 1 cent per share,active,0.79,0.91,commentary:youtube_transcript,youtube_transcript:asx-daily-rundown-atlassian-lifts-tech-a2-milk-recall-shock-accent-group-all-time-lows:88e960386e503796,2026-05-04T08:26:44+00:00,2026-05-04T08:26:44+00:00,status_expire_candidate_after_approval,still_active_from_prior_high_confidence_expire_manifest,no,not_active:expired
1069,active_fanout_0001,fanout_0001,KEY,risk,Pettimed's capital raising at 1 cent per share,active,0.79,0.91,commentary:youtube_transcript,youtube_transcript:asx-daily-rundown-atlassian-lifts-tech-a2-milk-recall-shock-accent-group-all-time-lows:88e960386e503796,2026-05-04T08:26:44+00:00,2026-05-04T08:26:44+00:00,status_expire_candidate_after_approval,still_active_from_prior_high_confidence_expire_manifest,no,not_active:expired
1070,active_fanout_0001,fanout_0001,GCM,risk,Pettimed's capital raising at 1 cent per share,active,0.79,0.91,commentary:youtube_transcript,youtube_transcript:asx-daily-rundown-atlassian-lifts-tech-a2-milk-recall-shock-accent-group-all-time-lows:88e960386e503796,2026-05-04T08:26:44+00:00,2026-05-04T08:26:44+00:00,status_expire_candidate_after_approval,still_active_from_prior_high_confidence_expire_manifest,no,not_active:expired
1071,active_fanout_0001,fanout_0001,MAR,risk,Pettimed's capital raising at 1 cent per share,active,0.79,0.91,commentary:youtube_transcript,youtube_transcript:asx-daily-rundown-atlassian-lifts-tech-a2-milk-recall-shock-accent-group-all-time-lows:88e960386e503796,2026-05-04T08:26:44+00:00,2026-05-04T08:26:44+00:00,status_expire_candidate_after_approval,still_active_from_prior_high_confidence_expire_manifest,no,not_active:expired
1072,active_fanout_0001,fanout_0001,CLT,risk,Pettimed's capital raising at 1 cent per share,active,0.79,0.91,commentary:youtube_transcript,youtube_transcript:asx-daily-rundown-atlassian-lifts-tech-a2-milk-recall-shock-accent-group-all-time-lows:88e960386e503796,2026-05-04T08:26:44+00:00,2026-05-04T08:26:44+00:00,status_expire_candidate_after_approval,still_active_from_prior_high_confidence_expire_manifest,no,not_active:expired
1073,active_fanout_0001,fanout_0001,WIN,risk,Pettimed's capital raising at 1 cent per share,active,0.79,0.91,commentary:youtube_transcript,youtube_transcript:asx-daily-rundown-atlassian-lifts-tech-a2-milk-recall-shock-accent-group-all-time-lows:88e960386e503796,2026-05-04T08:26:44+00:00,2026-05-04T08:26:44+00:00,status_expire_candidate_after_approval,still_active_from_prior_high_confidence_expire_manifest,no,not_active:expired
1074,active_fanout_0001,fanout_0001,SKT,risk,Pettimed's capital raising at 1 cent per share,active,0.79,0.91,commentary:youtube_transcript,youtube_transcript:asx-daily-rundown-atlassian-lifts-tech-a2-milk-recall-shock-accent-group-all-time-lows:88e960386e503796,2026-05-04T08:26:45+00:00,2026-05-04T08:26:45+00:00,status_expire_candidate_after_approval,still_active_from_prior_high_confidence_expire_manifest,no,not_active:expired
1075,active_fanout_0001,fanout_0001,VCE,risk,Pettimed's capital raising at 1 cent per share,active,0.79,0.91,commentary:youtube_transcript,youtube_transcript:asx-daily-rundown-atlassian-lifts-tech-a2-milk-recall-shock-accent-group-all-time-lows:88e960386e503796,2026-05-04T08:26:45+00:00,2026-05-04T08:26:45+00:00,status_expire_candidate_after_approval,still_active_from_prior_high_confidence_expire_manifest,no,not_active:expired
1076,active_fanout_0001,fanout_0001,SNW,risk,Pettimed's capital raising at 1 cent per share,active,0.79,0.91,commentary:youtube_transcript,youtube_transcript:asx-daily-rundown-atlassian-lifts-tech-a2-milk-recall-shock-accent-group-all-time-lows:88e960386e503796,2026-05-04T08:26:46+00:00,2026-05-04T08:26:46+00:00,status_expire_candidate_after_approval,still_active_from_prior_high_confidence_expire_manifest,no,not_active:expired
1077,active_fanout_0001,fanout_0001,LON,risk,Pettimed's capital raising at 1 cent per share,active,0.79,0.91,commentary:youtube_transcript,youtube_transcript:asx-daily-rundown-atlassian-lifts-tech-a2-milk-recall-shock-accent-group-all-time-lows:88e960386e503796,2026-05-04T08:26:46+00:00,2026-05-04T08:26:46+00:00,status_expire_candidate_after_approval,still_active_from_prior_high_confidence_expire_manifest,no,not_active:expired
1079,active_fanout_0001,fanout_0001,STK,risk,Pettimed's capital raising at 1 cent per share,active,0.79,0.91,commentary:youtube_transcript,youtube_transcript:asx-daily-rundown-atlassian-lifts-tech-a2-milk-recall-shock-accent-group-all-time-lows:88e960386e503796,2026-05-04T08:26:46+00:00,2026-05-04T08:26:46+00:00,status_expire_candidate_after_approval,still_active_from_prior_high_confidence_expire_manifest,no,not_active:expired
1776,active_fanout_0001,fanout_0001,ASX,catalyst,Pettimed's capital raising at 1 cent per share,active,0.79,0.91,commentary:youtube_transcript,youtube_transcript:asx-daily-rundown-atlassian-lifts-tech-a2-milk-recall-shock-accent-group-all-time-lows:88e960386e503796,2026-05-05T04:20:50+00:00,2026-05-05T04:20:50+00:00,status_expire_candidate_after_approval,still_active_from_prior_high_confidence_expire_manifest,no,not_active:expired
1777,active_fanout_0001,fanout_0001,TXT,catalyst,Pettimed's capital raising at 1 cent per share,active,0.79,0.91,commentary:youtube_transcript,youtube_transcript:asx-daily-rundown-atlassian-lifts-tech-a2-milk-recall-shock-accent-group-all-time-lows:88e960386e503796,2026-05-05T04:20:50+00:00,2026-05-05T04:20:50+00:00,status_expire_candidate_after_approval,still_active_from_prior_high_confidence_expire_manifest,no,not_active:expired
1778,active_fanout_0001,fanout_0001,XTX,catalyst,Pettimed's capital raising at 1 cent per share,active,0.79,0.91,commentary:youtube_transcript,youtube_transcript:asx-daily-rundown-atlassian-lifts-tech-a2-milk-recall-shock-accent-group-all-time-lows:88e960386e503796,2026-05-05T04:20:50+00:00,2026-05-05T04:20:50+00:00,status_expire_candidate_after_approval,still_active_from_prior_high_confidence_expire_manifest,no,not_active:expired
1779,active_fanout_0001,fanout_0001,A2M,catalyst,Pettimed's capital raising at 1 cent per share,active,0.79,0.91,commentary:youtube_transcript,youtube_transcript:asx-daily-rundown-atlassian-lifts-tech-a2-milk-recall-shock-accent-group-all-time-lows:88e960386e503796,2026-05-05T04:20:50+00:00,2026-05-05T04:20:50+00:00,status_expire_candidate_after_approval,still_active_from_prior_high_confidence_expire_manifest,no,not_active:expired
1780,active_fanout_0001,fanout_0001,ENDV,catalyst,Pettimed's capital raising at 1 cent per share,active,0.79,0.91,commentary:youtube_transcript,youtube_transcript:asx-daily-rundown-atlassian-lifts-tech-a2-milk-recall-shock-accent-group-all-time-lows:88e960386e503796,2026-05-05T04:20:50+00:00,2026-05-05T04:20:50+00:00,status_expire_candidate_after_approval,still_active_from_prior_high_confidence_expire_manifest,no,not_active:expired
1781,active_fanout_0001,fanout_0001,COH,catalyst,Pettimed's capital raising at 1 cent per share,active,0.79,0.91,commentary:youtube_transcript,youtube_transcript:asx-daily-rundown-atlassian-lifts-tech-a2-milk-recall-shock-accent-group-all-time-lows:88e960386e503796,2026-05-05T04:20:51+00:00,2026-05-05T04:20:51+00:00,status_expire_candidate_after_approval,still_active_from_prior_high_confidence_expire_manifest,no,not_active:expired
1782,active_fanout_0001,fanout_0001,BHP,catalyst,Pettimed's capital raising at 1 cent per share,active,0.79,0.91,commentary:youtube_transcript,youtube_transcript:asx-daily-rundown-atlassian-lifts-tech-a2-milk-recall-shock-accent-group-all-time-lows:88e960386e503796,2026-05-05T04:20:51+00:00,2026-05-05T04:20:51+00:00,status_expire_candidate_after_approval,still_active_from_prior_high_confidence_expire_manifest,no,not_active:expired
1783,active_fanout_0001,fanout_0001,WES,catalyst,Pettimed's capital raising at 1 cent per share,active,0.79,0.91,commentary:youtube_transcript,youtube_transcript:asx-daily-rundown-atlassian-lifts-tech-a2-milk-recall-shock-accent-group-all-time-lows:88e960386e503796,2026-05-05T04:20:51+00:00,2026-05-05T04:20:51+00:00,status_expire_candidate_after_approval,still_active_from_prior_high_confidence_expire_manifest,no,not_active:expired
1784,active_fanout_0001,fanout_0001,NAB,catalyst,Pettimed's capital raising at 1 cent per share,active,0.79,0.91,commentary:youtube_transcript,youtube_transcript:asx-daily-rundown-atlassian-lifts-tech-a2-milk-recall-shock-accent-group-all-time-lows:88e960386e503796,2026-05-05T04:20:52+00:00,2026-05-05T04:20:52+00:00,status_expire_candidate_after_approval,still_active_from_prior_high_confidence_expire_manifest,no,not_active:expired
1785,active_fanout_0001,fanout_0001,WBC,catalyst,Pettimed's capital raising at 1 cent per share,active,0.79,0.91,commentary:youtube_transcript,youtube_transcript:asx-daily-rundown-atlassian-lifts-tech-a2-milk-recall-shock-accent-group-all-time-lows:88e960386e503796,2026-05-05T04:20:53+00:00,2026-05-05T04:20:53+00:00,status_expire_candidate_after_approval,still_active_from_prior_high_confidence_expire_manifest,no,not_active:expired
1786,active_fanout_0001,fanout_0001,KEYP,catalyst,Pettimed's capital raising at 1 cent per share,active,0.79,0.91,commentary:youtube_transcript,youtube_transcript:asx-daily-rundown-atlassian-lifts-tech-a2-milk-recall-shock-accent-group-all-time-lows:88e960386e503796,2026-05-05T04:20:53+00:00,2026-05-05T04:20:53+00:00,status_expire_candidate_after_approval,still_active_from_prior_high_confidence_expire_manifest,no,not_active:expired
1787,active_fanout_0001,fanout_0001,GCMC,catalyst,Pettimed's capital raising at 1 cent per share,active,0.79,0.91,commentary:youtube_transcript,youtube_transcript:asx-daily-rundown-atlassian-lifts-tech-a2-milk-recall-shock-accent-group-all-time-lows:88e960386e503796,2026-05-05T04:20:53+00:00,2026-05-05T04:20:53+00:00,status_expire_candidate_after_approval,still_active_from_prior_high_confidence_expire_manifest,no,not_active:expired
1788,active_fanout_0001,fanout_0001,MARINO,catalyst,Pettimed's capital raising at 1 cent per share,active,0.79,0.91,commentary:youtube_transcript,youtube_transcript:asx-daily-rundown-atlassian-lifts-tech-a2-milk-recall-shock-accent-group-all-time-lows:88e960386e503796,2026-05-05T04:20:53+00:00,2026-05-05T04:20:53+00:00,status_expire_candidate_after_approval,still_active_from_prior_high_confidence_expire_manifest,no,not_active:expired
1789,active_fanout_0001,fanout_0001,CLAR,catalyst,Pettimed's capital raising at 1 cent per share,active,0.79,0.91,commentary:youtube_transcript,youtube_transcript:asx-daily-rundown-atlassian-lifts-tech-a2-milk-recall-shock-accent-group-all-time-lows:88e960386e503796,2026-05-05T04:20:53+00:00,2026-05-05T04:20:53+00:00,status_expire_candidate_after_approval,still_active_from_prior_high_confidence_expire_manifest,no,not_active:expired
1790,active_fanout_0001,fanout_0001,WIN,catalyst,Pettimed's capital raising at 1 cent per share,active,0.79,0.91,commentary:youtube_transcript,youtube_transcript:asx-daily-rundown-atlassian-lifts-tech-a2-milk-recall-shock-accent-group-all-time-lows:88e960386e503796,2026-05-05T04:20:54+00:00,2026-05-05T04:20:54+00:00,status_expire_candidate_after_approval,still_active_from_prior_high_confidence_expire_manifest,no,not_active:expired
1791,active_fanout_0001,fanout_0001,LIVN,catalyst,Pettimed's capital raising at 1 cent per share,active,0.79,0.91,commentary:youtube_transcript,youtube_transcript:asx-daily-rundown-atlassian-lifts-tech-a2-milk-recall-shock-accent-group-all-time-lows:88e960386e503796,2026-05-05T04:20:54+00:00,2026-05-05T04:20:54+00:00,status_expire_candidate_after_approval,still_active_from_prior_high_confidence_expire_manifest,no,not_active:expired
1792,active_fanout_0001,fanout_0001,SKT,catalyst,Pettimed's capital raising at 1 cent per share,active,0.79,0.91,commentary:youtube_transcript,youtube_transcript:asx-daily-rundown-atlassian-lifts-tech-a2-milk-recall-shock-accent-group-all-time-lows:88e960386e503796,2026-05-05T04:20:54+00:00,2026-05-05T04:20:54+00:00,status_expire_candidate_after_approval,still_active_from_prior_high_confidence_expire_manifest,no,not_active:expired
1793,active_fanout_0001,fanout_0001,VCE,catalyst,Pettimed's capital raising at 1 cent per share,active,0.79,0.91,commentary:youtube_transcript,youtube_transcript:asx-daily-rundown-atlassian-lifts-tech-a2-milk-recall-shock-accent-group-all-time-lows:88e960386e503796,2026-05-05T04:20:54+00:00,2026-05-05T04:20:54+00:00,status_expire_candidate_after_approval,still_active_from_prior_high_confidence_expire_manifest,no,not_active:expired
1794,active_fanout_0001,fanout_0001,SN,catalyst,Pettimed's capital raising at 1 cent per share,active,0.79,0.91,commentary:youtube_transcript,youtube_transcript:asx-daily-rundown-atlassian-lifts-tech-a2-milk-recall-shock-accent-group-all-time-lows:88e960386e503796,2026-05-05T04:20:55+00:00,2026-05-05T04:20:55+00:00,status_expire_candidate_after_approval,still_active_from_prior_high_confidence_expire_manifest,no,not_active:expired
1795,active_fanout_0001,fanout_0001,LION,catalyst,Pettimed's capital raising at 1 cent per share,active,0.79,0.91,commentary:youtube_transcript,youtube_transcript:asx-daily-rundown-atlassian-lifts-tech-a2-milk-recall-shock-accent-group-all-time-lows:88e960386e503796,2026-05-05T04:20:55+00:00,2026-05-05T04:20:55+00:00,status_expire_candidate_after_approval,still_active_from_prior_high_confidence_expire_manifest,no,not_active:expired
1797,active_fanout_0001,fanout_0001,INDE,catalyst,Pettimed's capital raising at 1 cent per share,active,0.79,0.91,commentary:youtube_transcript,youtube_transcript:asx-daily-rundown-atlassian-lifts-tech-a2-milk-recall-shock-accent-group-all-time-lows:88e960386e503796,2026-05-05T04:20:56+00:00,2026-05-05T04:20:56+00:00,status_expire_candidate_after_approval,still_active_from_prior_high_confidence_expire_manifest,no,not_active:expired
1798,active_fanout_0001,fanout_0001,C79,catalyst,Pettimed's capital raising at 1 cent per share,active,0.79,0.91,commentary:youtube_transcript,youtube_transcript:asx-daily-rundown-atlassian-lifts-tech-a2-milk-recall-shock-accent-group-all-time-lows:88e960386e503796,2026-05-05T04:20:56+00:00,2026-05-05T04:20:56+00:00,status_expire_candidate_after_approval,still_active_from_prior_high_confidence_expire_manifest,no,not_active:expired
258,active_fanout_0002,fanout_0002,ASX,observed_fact,A2 MILK's share price dropped 10% due to a product recall,active,0.82,0.71,commentary:youtube_transcript,youtube_transcript:asx-daily-rundown-atlassian-lifts-tech-a2-milk-recall-shock-accent-group-all-time-lows:88e960386e503796,2026-05-04T08:23:57+00:00,2026-05-04T08:23:57+00:00,status_expire_candidate_after_approval,still_active_from_prior_high_confidence_expire_manifest,no,not_active:expired
259,active_fanout_0002,fanout_0002,TXT,observed_fact,A2 MILK's share price dropped 10% due to a product recall,active,0.82,0.71,commentary:youtube_transcript,youtube_transcript:asx-daily-rundown-atlassian-lifts-tech-a2-milk-recall-shock-accent-group-all-time-lows:88e960386e503796,2026-05-04T08:23:57+00:00,2026-05-04T08:23:57+00:00,status_expire_candidate_after_approval,still_active_from_prior_high_confidence_expire_manifest,no,not_active:expired
260,active_fanout_0002,fanout_0002,XTX,observed_fact,A2 MILK's share price dropped 10% due to a product recall,active,0.82,0.71,commentary:youtube_transcript,youtube_transcript:asx-daily-rundown-atlassian-lifts-tech-a2-milk-recall-shock-accent-group-all-time-lows:88e960386e503796,2026-05-04T08:23:57+00:00,2026-05-04T08:23:57+00:00,status_expire_candidate_after_approval,still_active_from_prior_high_confidence_expire_manifest,no,not_active:expired
263,active_fanout_0002,fanout_0002,ATLASSIAN,observed_fact,A2 MILK's share price dropped 10% due to a product recall,active,0.82,0.71,commentary:youtube_transcript,youtube_transcript:asx-daily-rundown-atlassian-lifts-tech-a2-milk-recall-shock-accent-group-all-time-lows:88e960386e503796,2026-05-04T08:23:58+00:00,2026-05-04T08:23:58+00:00,status_expire_candidate_after_approval,still_active_from_prior_high_confidence_expire_manifest,no,not_active:expired
264,active_fanout_0002,fanout_0002,NAB,observed_fact,A2 MILK's share price dropped 10% due to a product recall,active,0.82,0.71,commentary:youtube_transcript,youtube_transcript:asx-daily-rundown-atlassian-lifts-tech-a2-milk-recall-shock-accent-group-all-time-lows:88e960386e503796,2026-05-04T08:23:58+00:00,2026-05-04T08:23:58+00:00,status_expire_candidate_after_approval,still_active_from_prior_high_confidence_expire_manifest,no,not_active:expired
265,active_fanout_0002,fanout_0002,BHP,observed_fact,A2 MILK's share price dropped 10% due to a product recall,active,0.82,0.71,commentary:youtube_transcript,youtube_transcript:asx-daily-rundown-atlassian-lifts-tech-a2-milk-recall-shock-accent-group-all-time-lows:88e960386e503796,2026-05-04T08:23:59+00:00,2026-05-04T08:23:59+00:00,status_expire_candidate_after_approval,still_active_from_prior_high_confidence_expire_manifest,no,not_active:expired
269,active_fanout_0002,fanout_0002,CLARITY,observed_fact,A2 MILK's share price dropped 10% due to a product recall,active,0.82,0.71,commentary:youtube_transcript,youtube_transcript:asx-daily-rundown-atlassian-lifts-tech-a2-milk-recall-shock-accent-group-all-time-lows:88e960386e503796,2026-05-04T08:23:59+00:00,2026-05-04T08:23:59+00:00,status_expire_candidate_after_approval,still_active_from_prior_high_confidence_expire_manifest,no,not_active:expired
274,active_fanout_0002,fanout_0002,IMRO,observed_fact,A2 MILK's share price dropped 10% due to a product recall,active,0.82,0.71,commentary:youtube_transcript,youtube_transcript:asx-daily-rundown-atlassian-lifts-tech-a2-milk-recall-shock-accent-group-all-time-lows:88e960386e503796,2026-05-04T08:24:00+00:00,2026-05-04T08:24:00+00:00,status_expire_candidate_after_approval,still_active_from_prior_high_confidence_expire_manifest,no,not_active:expired
275,active_fanout_0002,fanout_0002,PENINSULA,observed_fact,A2 MILK's share price dropped 10% due to a product recall,active,0.82,0.71,commentary:youtube_transcript,youtube_transcript:asx-daily-rundown-atlassian-lifts-tech-a2-milk-recall-shock-accent-group-all-time-lows:88e960386e503796,2026-05-04T08:24:00+00:00,2026-05-04T08:24:00+00:00,status_expire_candidate_after_approval,still_active_from_prior_high_confidence_expire_manifest,no,not_active:expired
277,active_fanout_0002,fanout_0002,VERITUS,observed_fact,A2 MILK's share price dropped 10% due to a product recall,active,0.82,0.71,commentary:youtube_transcript,youtube_transcript:asx-daily-rundown-atlassian-lifts-tech-a2-milk-recall-shock-accent-group-all-time-lows:88e960386e503796,2026-05-04T08:24:01+00:00,2026-05-04T08:24:01+00:00,status_expire_candidate_after_approval,still_active_from_prior_high_confidence_expire_manifest,no,not_active:expired
278,active_fanout_0002,fanout_0002,PETTIMED,observed_fact,A2 MILK's share price dropped 10% due to a product recall,active,0.82,0.71,commentary:youtube_transcript,youtube_transcript:asx-daily-rundown-atlassian-lifts-tech-a2-milk-recall-shock-accent-group-all-time-lows:88e960386e503796,2026-05-04T08:24:01+00:00,2026-05-04T08:24:01+00:00,status_expire_candidate_after_approval,still_active_from_prior_high_confidence_expire_manifest,no,not_active:expired
279,active_fanout_0002,fanout_0002,IMPEDIMED,observed_fact,A2 MILK's share price dropped 10% due to a product recall,active,0.82,0.71,commentary:youtube_transcript,youtube_transcript:asx-daily-rundown-atlassian-lifts-tech-a2-milk-recall-shock-accent-group-all-time-lows:88e960386e503796,2026-05-04T08:24:01+00:00,2026-05-04T08:24:01+00:00,status_expire_candidate_after_approval,still_active_from_prior_high_confidence_expire_manifest,no,not_active:expired
280,active_fanout_0002,fanout_0002,INDE,observed_fact,A2 MILK's share price dropped 10% due to a product recall,active,0.82,0.71,commentary:youtube_transcript,youtube_transcript:asx-daily-rundown-atlassian-lifts-tech-a2-milk-recall-shock-accent-group-all-time-lows:88e960386e503796,2026-05-04T08:24:01+00:00,2026-05-04T08:24:01+00:00,status_expire_candidate_after_approval,still_active_from_prior_high_confidence_expire_manifest,no,not_active:expired
281,active_fanout_0002,fanout_0002,PETT,observed_fact,A2 MILK's share price dropped 10% due to a product recall,active,0.82,0.71,commentary:youtube_transcript,youtube_transcript:asx-daily-rundown-atlassian-lifts-tech-a2-milk-recall-shock-accent-group-all-time-lows:88e960386e503796,2026-05-04T08:24:01+00:00,2026-05-04T08:24:01+00:00,status_expire_candidate_after_approval,still_active_from_prior_high_confidence_expire_manifest,no,not_active:expired
282,active_fanout_0002,fanout_0002,C79,observed_fact,A2 MILK's share price dropped 10% due to a product recall,active,0.82,0.71,commentary:youtube_transcript,youtube_transcript:asx-daily-rundown-atlassian-lifts-tech-a2-milk-recall-shock-accent-group-all-time-lows:88e960386e503796,2026-05-04T08:24:01+00:00,2026-05-04T08:24:01+00:00,status_expire_candidate_after_approval,still_active_from_prior_high_confidence_expire_manifest,no,not_active:expired
811,active_fanout_0002,fanout_0002,END,observed_fact,A2 MILK's share price dropped 10% due to a product recall,active,0.82,0.71,commentary:youtube_transcript,youtube_transcript:asx-daily-rundown-atlassian-lifts-tech-a2-milk-recall-shock-accent-group-all-time-lows:88e960386e503796,2026-05-04T08:25:36+00:00,2026-05-04T08:25:36+00:00,status_expire_candidate_after_approval,still_active_from_prior_high_confidence_expire_manifest,no,not_active:expired
812,active_fanout_0002,fanout_0002,COH,observed_fact,A2 MILK's share price dropped 10% due to a product recall,active,0.82,0.71,commentary:youtube_transcript,youtube_transcript:asx-daily-rundown-atlassian-lifts-tech-a2-milk-recall-shock-accent-group-all-time-lows:88e960386e503796,2026-05-04T08:25:36+00:00,2026-05-04T08:25:36+00:00,status_expire_candidate_after_approval,still_active_from_prior_high_confidence_expire_manifest,no,not_active:expired
813,active_fanout_0002,fanout_0002,WES,observed_fact,A2 MILK's share price dropped 10% due to a product recall,active,0.82,0.71,commentary:youtube_transcript,youtube_transcript:asx-daily-rundown-atlassian-lifts-tech-a2-milk-recall-shock-accent-group-all-time-lows:88e960386e503796,2026-05-04T08:25:36+00:00,2026-05-04T08:25:36+00:00,status_expire_candidate_after_approval,still_active_from_prior_high_confidence_expire_manifest,no,not_active:expired
814,active_fanout_0002,fanout_0002,WBC,observed_fact,A2 MILK's share price dropped 10% due to a product recall,active,0.82,0.71,commentary:youtube_transcript,youtube_transcript:asx-daily-rundown-atlassian-lifts-tech-a2-milk-recall-shock-accent-group-all-time-lows:88e960386e503796,2026-05-04T08:25:36+00:00,2026-05-04T08:25:36+00:00,status_expire_candidate_after_approval,still_active_from_prior_high_confidence_expire_manifest,no,not_active:expired
815,active_fanout_0002,fanout_0002,KEY,observed_fact,A2 MILK's share price dropped 10% due to a product recall,active,0.82,0.71,commentary:youtube_transcript,youtube_transcript:asx-daily-rundown-atlassian-lifts-tech-a2-milk-recall-shock-accent-group-all-time-lows:88e960386e503796,2026-05-04T08:25:36+00:00,2026-05-04T08:25:36+00:00,status_expire_candidate_after_approval,still_active_from_prior_high_confidence_expire_manifest,no,not_active:expired
816,active_fanout_0002,fanout_0002,GCM,observed_fact,A2 MILK's share price dropped 10% due to a product recall,active,0.82,0.71,commentary:youtube_transcript,youtube_transcript:asx-daily-rundown-atlassian-lifts-tech-a2-milk-recall-shock-accent-group-all-time-lows:88e960386e503796,2026-05-04T08:25:37+00:00,2026-05-04T08:25:37+00:00,status_expire_candidate_after_approval,still_active_from_prior_high_confidence_expire_manifest,no,not_active:expired
817,active_fanout_0002,fanout_0002,MAR,observed_fact,A2 MILK's share price dropped 10% due to a product recall,active,0.82,0.71,commentary:youtube_transcript,youtube_transcript:asx-daily-rundown-atlassian-lifts-tech-a2-milk-recall-shock-accent-group-all-time-lows:88e960386e503796,2026-05-04T08:25:37+00:00,2026-05-04T08:25:37+00:00,status_expire_candidate_after_approval,still_active_from_prior_high_confidence_expire_manifest,no,not_active:expired
818,active_fanout_0002,fanout_0002,CLT,observed_fact,A2 MILK's share price dropped 10% due to a product recall,active,0.82,0.71,commentary:youtube_transcript,youtube_transcript:asx-daily-rundown-atlassian-lifts-tech-a2-milk-recall-shock-accent-group-all-time-lows:88e960386e503796,2026-05-04T08:25:37+00:00,2026-05-04T08:25:37+00:00,status_expire_candidate_after_approval,still_active_from_prior_high_confidence_expire_manifest,no,not_active:expired
819,active_fanout_0002,fanout_0002,WIN,observed_fact,A2 MILK's share price dropped 10% due to a product recall,active,0.82,0.71,commentary:youtube_transcript,youtube_transcript:asx-daily-rundown-atlassian-lifts-tech-a2-milk-recall-shock-accent-group-all-time-lows:88e960386e503796,2026-05-04T08:25:37+00:00,2026-05-04T08:25:37+00:00,status_expire_candidate_after_approval,still_active_from_prior_high_confidence_expire_manifest,no,not_active:expired
820,active_fanout_0002,fanout_0002,SKT,observed_fact,A2 MILK's share price dropped 10% due to a product recall,active,0.82,0.71,commentary:youtube_transcript,youtube_transcript:asx-daily-rundown-atlassian-lifts-tech-a2-milk-recall-shock-accent-group-all-time-lows:88e960386e503796,2026-05-04T08:25:37+00:00,2026-05-04T08:25:37+00:00,status_expire_candidate_after_approval,still_active_from_prior_high_confidence_expire_manifest,no,not_active:expired
821,active_fanout_0002,fanout_0002,VCE,observed_fact,A2 MILK's share price dropped 10% due to a product recall,active,0.82,0.71,commentary:youtube_transcript,youtube_transcript:asx-daily-rundown-atlassian-lifts-tech-a2-milk-recall-shock-accent-group-all-time-lows:88e960386e503796,2026-05-04T08:25:37+00:00,2026-05-04T08:25:37+00:00,status_expire_candidate_after_approval,still_active_from_prior_high_confidence_expire_manifest,no,not_active:expired
822,active_fanout_0002,fanout_0002,SNW,observed_fact,A2 MILK's share price dropped 10% due to a product recall,active,0.82,0.71,commentary:youtube_transcript,youtube_transcript:asx-daily-rundown-atlassian-lifts-tech-a2-milk-recall-shock-accent-group-all-time-lows:88e960386e503796,2026-05-04T08:25:37+00:00,2026-05-04T08:25:37+00:00,status_expire_candidate_after_approval,still_active_from_prior_high_confidence_expire_manifest,no,not_active:expired
823,active_fanout_0002,fanout_0002,LON,observed_fact,A2 MILK's share price dropped 10% due to a product recall,active,0.82,0.71,commentary:youtube_transcript,youtube_transcript:asx-daily-rundown-atlassian-lifts-tech-a2-milk-recall-shock-accent-group-all-time-lows:88e960386e503796,2026-05-04T08:25:38+00:00,2026-05-04T08:25:38+00:00,status_expire_candidate_after_approval,still_active_from_prior_high_confidence_expire_manifest,no,not_active:expired
824,active_fanout_0002,fanout_0002,PET,observed_fact,A2 MILK's share price dropped 10% due to a product recall,active,0.82,0.71,commentary:youtube_transcript,youtube_transcript:asx-daily-rundown-atlassian-lifts-tech-a2-milk-recall-shock-accent-group-all-time-lows:88e960386e503796,2026-05-04T08:25:38+00:00,2026-05-04T08:25:38+00:00,status_expire_candidate_after_approval,still_active_from_prior_high_confidence_expire_manifest,no,not_active:expired
825,active_fanout_0002,fanout_0002,STK,observed_fact,A2 MILK's share price dropped 10% due to a product recall,active,0.82,0.71,commentary:youtube_transcript,youtube_transcript:asx-daily-rundown-atlassian-lifts-tech-a2-milk-recall-shock-accent-group-all-time-lows:88e960386e503796,2026-05-04T08:25:38+00:00,2026-05-04T08:25:38+00:00,status_expire_candidate_after_approval,still_active_from_prior_high_confidence_expire_manifest,no,not_active:expired
1697,active_fanout_0002,fanout_0002,ENDV,observed_fact,A2 MILK's share price dropped 10% due to a product recall,active,0.82,0.71,commentary:youtube_transcript,youtube_transcript:asx-daily-rundown-atlassian-lifts-tech-a2-milk-recall-shock-accent-group-all-time-lows:88e960386e503796,2026-05-05T04:19:46+00:00,2026-05-05T04:19:46+00:00,status_expire_candidate_after_approval,still_active_from_prior_high_confidence_expire_manifest,no,not_active:expired
1698,active_fanout_0002,fanout_0002,KEYP,observed_fact,A2 MILK's share price dropped 10% due to a product recall,active,0.82,0.71,commentary:youtube_transcript,youtube_transcript:asx-daily-rundown-atlassian-lifts-tech-a2-milk-recall-shock-accent-group-all-time-lows:88e960386e503796,2026-05-05T04:19:48+00:00,2026-05-05T04:19:48+00:00,status_expire_candidate_after_approval,still_active_from_prior_high_confidence_expire_manifest,no,not_active:expired
1699,active_fanout_0002,fanout_0002,GCMC,observed_fact,A2 MILK's share price dropped 10% due to a product recall,active,0.82,0.71,commentary:youtube_transcript,youtube_transcript:asx-daily-rundown-atlassian-lifts-tech-a2-milk-recall-shock-accent-group-all-time-lows:88e960386e503796,2026-05-05T04:19:48+00:00,2026-05-05T04:19:48+00:00,status_expire_candidate_after_approval,still_active_from_prior_high_confidence_expire_manifest,no,not_active:expired
1700,active_fanout_0002,fanout_0002,MARINO,observed_fact,A2 MILK's share price dropped 10% due to a product recall,active,0.82,0.71,commentary:youtube_transcript,youtube_transcript:asx-daily-rundown-atlassian-lifts-tech-a2-milk-recall-shock-accent-group-all-time-lows:88e960386e503796,2026-05-05T04:19:48+00:00,2026-05-05T04:19:48+00:00,status_expire_candidate_after_approval,still_active_from_prior_high_confidence_expire_manifest,no,not_active:expired
1701,active_fanout_0002,fanout_0002,CLAR,observed_fact,A2 MILK's share price dropped 10% due to a product recall,active,0.82,0.71,commentary:youtube_transcript,youtube_transcript:asx-daily-rundown-atlassian-lifts-tech-a2-milk-recall-shock-accent-group-all-time-lows:88e960386e503796,2026-05-05T04:19:48+00:00,2026-05-05T04:19:48+00:00,status_expire_candidate_after_approval,still_active_from_prior_high_confidence_expire_manifest,no,not_active:expired
1702,active_fanout_0002,fanout_0002,LIVN,observed_fact,A2 MILK's share price dropped 10% due to a product recall,active,0.82,0.71,commentary:youtube_transcript,youtube_transcript:asx-daily-rundown-atlassian-lifts-tech-a2-milk-recall-shock-accent-group-all-time-lows:88e960386e503796,2026-05-05T04:19:49+00:00,2026-05-05T04:19:49+00:00,status_expire_candidate_after_approval,still_active_from_prior_high_confidence_expire_manifest,no,not_active:expired
1703,active_fanout_0002,fanout_0002,SN,observed_fact,A2 MILK's share price dropped 10% due to a product recall,active,0.82,0.71,commentary:youtube_transcript,youtube_transcript:asx-daily-rundown-atlassian-lifts-tech-a2-milk-recall-shock-accent-group-all-time-lows:88e960386e503796,2026-05-05T04:19:50+00:00,2026-05-05T04:19:50+00:00,status_expire_candidate_after_approval,still_active_from_prior_high_confidence_expire_manifest,no,not_active:expired
1704,active_fanout_0002,fanout_0002,LION,observed_fact,A2 MILK's share price dropped 10% due to a product recall,active,0.82,0.71,commentary:youtube_transcript,youtube_transcript:asx-daily-rundown-atlassian-lifts-tech-a2-milk-recall-shock-accent-group-all-time-lows:88e960386e503796,2026-05-05T04:19:50+00:00,2026-05-05T04:19:50+00:00,status_expire_candidate_after_approval,still_active_from_prior_high_confidence_expire_manifest,no,not_active:expired
285,active_fanout_0003,fanout_0003,ASX,observed_fact,A2 MILK's share price has dropped from almost $10 back to $6.59 in a few months,active,0.82,0.71,commentary:youtube_transcript,youtube_transcript:asx-daily-rundown-atlassian-lifts-tech-a2-milk-recall-shock-accent-group-all-time-lows:88e960386e503796,2026-05-04T08:24:02+00:00,2026-05-04T08:24:02+00:00,status_expire_candidate_after_approval,still_active_from_prior_high_confidence_expire_manifest,no,not_active:expired
286,active_fanout_0003,fanout_0003,TXT,observed_fact,A2 MILK's share price has dropped from almost $10 back to $6.59 in a few months,active,0.82,0.71,commentary:youtube_transcript,youtube_transcript:asx-daily-rundown-atlassian-lifts-tech-a2-milk-recall-shock-accent-group-all-time-lows:88e960386e503796,2026-05-04T08:24:02+00:00,2026-05-04T08:24:02+00:00,status_expire_candidate_after_approval,still_active_from_prior_high_confidence_expire_manifest,no,not_active:expired
287,active_fanout_0003,fanout_0003,XTX,observed_fact,A2 MILK's share price has dropped from almost $10 back to $6.59 in a few months,active,0.82,0.71,commentary:youtube_transcript,youtube_transcript:asx-daily-rundown-atlassian-lifts-tech-a2-milk-recall-shock-accent-group-all-time-lows:88e960386e503796,2026-05-04T08:24:02+00:00,2026-05-04T08:24:02+00:00,status_expire_candidate_after_approval,still_active_from_prior_high_confidence_expire_manifest,no,not_active:expired
290,active_fanout_0003,fanout_0003,ATLASSIAN,observed_fact,A2 MILK's share price has dropped from almost $10 back to $6.59 in a few months,active,0.82,0.71,commentary:youtube_transcript,youtube_transcript:asx-daily-rundown-atlassian-lifts-tech-a2-milk-recall-shock-accent-group-all-time-lows:88e960386e503796,2026-05-04T08:24:02+00:00,2026-05-04T08:24:02+00:00,status_expire_candidate_after_approval,still_active_from_prior_high_confidence_expire_manifest,no,not_active:expired
291,active_fanout_0003,fanout_0003,NAB,observed_fact,A2 MILK's share price has dropped from almost $10 back to $6.59 in a few months,active,0.82,0.71,commentary:youtube_transcript,youtube_transcript:asx-daily-rundown-atlassian-lifts-tech-a2-milk-recall-shock-accent-group-all-time-lows:88e960386e503796,2026-05-04T08:24:02+00:00,2026-05-04T08:24:02+00:00,status_expire_candidate_after_approval,still_active_from_prior_high_confidence_expire_manifest,no,not_active:expired
292,active_fanout_0003,fanout_0003,BHP,observed_fact,A2 MILK's share price has dropped from almost $10 back to $6.59 in a few months,active,0.82,0.71,commentary:youtube_transcript,youtube_transcript:asx-daily-rundown-atlassian-lifts-tech-a2-milk-recall-shock-accent-group-all-time-lows:88e960386e503796,2026-05-04T08:24:02+00:00,2026-05-04T08:24:02+00:00,status_expire_candidate_after_approval,still_active_from_prior_high_confidence_expire_manifest,no,not_active:expired
296,active_fanout_0003,fanout_0003,CLARITY,observed_fact,A2 MILK's share price has dropped from almost $10 back to $6.59 in a few months,active,0.82,0.71,commentary:youtube_transcript,youtube_transcript:asx-daily-rundown-atlassian-lifts-tech-a2-milk-recall-shock-accent-group-all-time-lows:88e960386e503796,2026-05-04T08:24:04+00:00,2026-05-04T08:24:04+00:00,status_expire_candidate_after_approval,still_active_from_prior_high_confidence_expire_manifest,no,not_active:expired
301,active_fanout_0003,fanout_0003,IMRO,observed_fact,A2 MILK's share price has dropped from almost $10 back to $6.59 in a few months,active,0.82,0.71,commentary:youtube_transcript,youtube_transcript:asx-daily-rundown-atlassian-lifts-tech-a2-milk-recall-shock-accent-group-all-time-lows:88e960386e503796,2026-05-04T08:24:05+00:00,2026-05-04T08:24:05+00:00,status_expire_candidate_after_approval,still_active_from_prior_high_confidence_expire_manifest,no,not_active:expired
302,active_fanout_0003,fanout_0003,PENINSULA,observed_fact,A2 MILK's share price has dropped from almost $10 back to $6.59 in a few months,active,0.82,0.71,commentary:youtube_transcript,youtube_transcript:asx-daily-rundown-atlassian-lifts-tech-a2-milk-recall-shock-accent-group-all-time-lows:88e960386e503796,2026-05-04T08:24:05+00:00,2026-05-04T08:24:05+00:00,status_expire_candidate_after_approval,still_active_from_prior_high_confidence_expire_manifest,no,not_active:expired
304,active_fanout_0003,fanout_0003,VERITUS,observed_fact,A2 MILK's share price has dropped from almost $10 back to $6.59 in a few months,active,0.82,0.71,commentary:youtube_transcript,youtube_transcript:asx-daily-rundown-atlassian-lifts-tech-a2-milk-recall-shock-accent-group-all-time-lows:88e960386e503796,2026-05-04T08:24:05+00:00,2026-05-04T08:24:05+00:00,status_expire_candidate_after_approval,still_active_from_prior_high_confidence_expire_manifest,no,not_active:expired
305,active_fanout_0003,fanout_0003,PETTIMED,observed_fact,A2 MILK's share price has dropped from almost $10 back to $6.59 in a few months,active,0.82,0.71,commentary:youtube_transcript,youtube_transcript:asx-daily-rundown-atlassian-lifts-tech-a2-milk-recall-shock-accent-group-all-time-lows:88e960386e503796,2026-05-04T08:24:05+00:00,2026-05-04T08:24:05+00:00,status_expire_candidate_after_approval,still_active_from_prior_high_confidence_expire_manifest,no,not_active:expired
306,active_fanout_0003,fanout_0003,IMPEDIMED,observed_fact,A2 MILK's share price has dropped from almost $10 back to $6.59 in a few months,active,0.82,0.71,commentary:youtube_transcript,youtube_transcript:asx-daily-rundown-atlassian-lifts-tech-a2-milk-recall-shock-accent-group-all-time-lows:88e960386e503796,2026-05-04T08:24:05+00:00,2026-05-04T08:24:05+00:00,status_expire_candidate_after_approval,still_active_from_prior_high_confidence_expire_manifest,no,not_active:expired
1859,active_fanout_0004,fanout_0004,ENDV,catalyst,ACCENT GROUP's downgrade announcement,active,0.72,0.91,commentary:youtube_transcript,youtube_transcript:asx-daily-rundown-atlassian-lifts-tech-a2-milk-recall-shock-accent-group-all-time-lows:88e960386e503796,2026-05-05T04:21:21+00:00,2026-05-05T04:21:21+00:00,status_expire_candidate_after_approval,still_active_from_prior_high_confidence_expire_manifest,no,not_selected
1860,active_fanout_0004,fanout_0004,KEYP,catalyst,ACCENT GROUP's downgrade announcement,active,0.72,0.91,commentary:youtube_transcript,youtube_transcript:asx-daily-rundown-atlassian-lifts-tech-a2-milk-recall-shock-accent-group-all-time-lows:88e960386e503796,2026-05-05T04:21:24+00:00,2026-05-05T04:21:24+00:00,status_expire_candidate_after_approval,still_active_from_prior_high_confidence_expire_manifest,no,not_selected
1861,active_fanout_0004,fanout_0004,GCMC,catalyst,ACCENT GROUP's downgrade announcement,active,0.72,0.91,commentary:youtube_transcript,youtube_transcript:asx-daily-rundown-atlassian-lifts-tech-a2-milk-recall-shock-accent-group-all-time-lows:88e960386e503796,2026-05-05T04:21:24+00:00,2026-05-05T04:21:24+00:00,status_expire_candidate_after_approval,still_active_from_prior_high_confidence_expire_manifest,no,not_selected
1862,active_fanout_0004,fanout_0004,MARINO,catalyst,ACCENT GROUP's downgrade announcement,active,0.72,0.91,commentary:youtube_transcript,youtube_transcript:asx-daily-rundown-atlassian-lifts-tech-a2-milk-recall-shock-accent-group-all-time-lows:88e960386e503796,2026-05-05T04:21:24+00:00,2026-05-05T04:21:24+00:00,status_expire_candidate_after_approval,still_active_from_prior_high_confidence_expire_manifest,no,not_selected
1863,active_fanout_0004,fanout_0004,CLAR,catalyst,ACCENT GROUP's downgrade announcement,active,0.72,0.91,commentary:youtube_transcript,youtube_transcript:asx-daily-rundown-atlassian-lifts-tech-a2-milk-recall-shock-accent-group-all-time-lows:88e960386e503796,2026-05-05T04:21:24+00:00,2026-05-05T04:21:24+00:00,status_expire_candidate_after_approval,still_active_from_prior_high_confidence_expire_manifest,no,not_selected
1864,active_fanout_0004,fanout_0004,LIVN,catalyst,ACCENT GROUP's downgrade announcement,active,0.72,0.91,commentary:youtube_transcript,youtube_transcript:asx-daily-rundown-atlassian-lifts-tech-a2-milk-recall-shock-accent-group-all-time-lows:88e960386e503796,2026-05-05T04:21:25+00:00,2026-05-05T04:21:25+00:00,status_expire_candidate_after_approval,still_active_from_prior_high_confidence_expire_manifest,no,not_selected
1865,active_fanout_0004,fanout_0004,SN,catalyst,ACCENT GROUP's downgrade announcement,active,0.72,0.91,commentary:youtube_transcript,youtube_transcript:asx-daily-rundown-atlassian-lifts-tech-a2-milk-recall-shock-accent-group-all-time-lows:88e960386e503796,2026-05-05T04:21:26+00:00,2026-05-05T04:21:26+00:00,status_expire_candidate_after_approval,still_active_from_prior_high_confidence_expire_manifest,no,not_selected
1866,active_fanout_0004,fanout_0004,LION,catalyst,ACCENT GROUP's downgrade announcement,active,0.72,0.91,commentary:youtube_transcript,youtube_transcript:asx-daily-rundown-atlassian-lifts-tech-a2-milk-recall-shock-accent-group-all-time-lows:88e960386e503796,2026-05-05T04:21:26+00:00,2026-05-05T04:21:26+00:00,status_expire_candidate_after_approval,still_active_from_prior_high_confidence_expire_manifest,no,not_selected
366,active_fanout_0005,fanout_0005,ASX,observed_fact,ACCENT GROUP's EBIT for the second half has been decreased by $7 million,active,0.82,0.62,commentary:youtube_transcript,youtube_transcript:asx-daily-rundown-atlassian-lifts-tech-a2-milk-recall-shock-accent-group-all-time-lows:88e960386e503796,2026-05-04T08:24:15+00:00,2026-05-04T08:24:15+00:00,status_expire_candidate_after_approval,still_active_from_prior_high_confidence_expire_manifest,no,not_selected
367,active_fanout_0005,fanout_0005,TXT,observed_fact,ACCENT GROUP's EBIT for the second half has been decreased by $7 million,active,0.82,0.62,commentary:youtube_transcript,youtube_transcript:asx-daily-rundown-atlassian-lifts-tech-a2-milk-recall-shock-accent-group-all-time-lows:88e960386e503796,2026-05-04T08:24:15+00:00,2026-05-04T08:24:15+00:00,status_expire_candidate_after_approval,still_active_from_prior_high_confidence_expire_manifest,no,not_selected
368,active_fanout_0005,fanout_0005,XTX,observed_fact,ACCENT GROUP's EBIT for the second half has been decreased by $7 million,active,0.82,0.62,commentary:youtube_transcript,youtube_transcript:asx-daily-rundown-atlassian-lifts-tech-a2-milk-recall-shock-accent-group-all-time-lows:88e960386e503796,2026-05-04T08:24:16+00:00,2026-05-04T08:24:16+00:00,status_expire_candidate_after_approval,still_active_from_prior_high_confidence_expire_manifest,no,not_selected
369,active_fanout_0005,fanout_0005,A2 MILK,observed_fact,ACCENT GROUP's EBIT for the second half has been decreased by $7 million,active,0.82,0.62,commentary:youtube_transcript,youtube_transcript:asx-daily-rundown-atlassian-lifts-tech-a2-milk-recall-shock-accent-group-all-time-lows:88e960386e503796,2026-05-04T08:24:16+00:00,2026-05-04T08:24:16+00:00,status_expire_candidate_after_approval,still_active_from_prior_high_confidence_expire_manifest,no,not_selected
370,active_fanout_0005,fanout_0005,ENDEAVOR GROUP,observed_fact,ACCENT GROUP's EBIT for the second half has been decreased by $7 million,active,0.82,0.62,commentary:youtube_transcript,youtube_transcript:asx-daily-rundown-atlassian-lifts-tech-a2-milk-recall-shock-accent-group-all-time-lows:88e960386e503796,2026-05-04T08:24:16+00:00,2026-05-04T08:24:16+00:00,status_expire_candidate_after_approval,still_active_from_prior_high_confidence_expire_manifest,no,not_selected
371,active_fanout_0005,fanout_0005,ATLASSIAN,observed_fact,ACCENT GROUP's EBIT for the second half has been decreased by $7 million,active,0.82,0.62,commentary:youtube_transcript,youtube_transcript:asx-daily-rundown-atlassian-lifts-tech-a2-milk-recall-shock-accent-group-all-time-lows:88e960386e503796,2026-05-04T08:24:16+00:00,2026-05-04T08:24:16+00:00,status_expire_candidate_after_approval,still_active_from_prior_high_confidence_expire_manifest,no,not_selected
372,active_fanout_0005,fanout_0005,NAB,observed_fact,ACCENT GROUP's EBIT for the second half has been decreased by $7 million,active,0.82,0.62,commentary:youtube_transcript,youtube_transcript:asx-daily-rundown-atlassian-lifts-tech-a2-milk-recall-shock-accent-group-all-time-lows:88e960386e503796,2026-05-04T08:24:16+00:00,2026-05-04T08:24:16+00:00,status_expire_candidate_after_approval,still_active_from_prior_high_confidence_expire_manifest,no,not_selected
373,active_fanout_0005,fanout_0005,BHP,observed_fact,ACCENT GROUP's EBIT for the second half has been decreased by $7 million,active,0.82,0.62,commentary:youtube_transcript,youtube_transcript:asx-daily-rundown-atlassian-lifts-tech-a2-milk-recall-shock-accent-group-all-time-lows:88e960386e503796,2026-05-04T08:24:16+00:00,2026-05-04T08:24:16+00:00,status_expire_candidate_after_approval,still_active_from_prior_high_confidence_expire_manifest,no,not_selected
374,active_fanout_0005,fanout_0005,KEY PETROLEUM,observed_fact,ACCENT GROUP's EBIT for the second half has been decreased by $7 million,active,0.82,0.62,commentary:youtube_transcript,youtube_transcript:asx-daily-rundown-atlassian-lifts-tech-a2-milk-recall-shock-accent-group-all-time-lows:88e960386e503796,2026-05-04T08:24:17+00:00,2026-05-04T08:24:17+00:00,status_expire_candidate_after_approval,still_active_from_prior_high_confidence_expire_manifest,no,not_selected
375,active_fanout_0005,fanout_0005,GCM CORPORATION,observed_fact,ACCENT GROUP's EBIT for the second half has been decreased by $7 million,active,0.82,0.62,commentary:youtube_transcript,youtube_transcript:asx-daily-rundown-atlassian-lifts-tech-a2-milk-recall-shock-accent-group-all-time-lows:88e960386e503796,2026-05-04T08:24:17+00:00,2026-05-04T08:24:17+00:00,status_expire_candidate_after_approval,still_active_from_prior_high_confidence_expire_manifest,no,not_selected
376,active_fanout_0005,fanout_0005,MARINO AND CO,observed_fact,ACCENT GROUP's EBIT for the second half has been decreased by $7 million,active,0.82,0.62,commentary:youtube_transcript,youtube_transcript:asx-daily-rundown-atlassian-lifts-tech-a2-milk-recall-shock-accent-group-all-time-lows:88e960386e503796,2026-05-04T08:24:17+00:00,2026-05-04T08:24:17+00:00,status_expire_candidate_after_approval,still_active_from_prior_high_confidence_expire_manifest,no,not_selected
377,active_fanout_0005,fanout_0005,CLARITY,observed_fact,ACCENT GROUP's EBIT for the second half has been decreased by $7 million,active,0.82,0.62,commentary:youtube_transcript,youtube_transcript:asx-daily-rundown-atlassian-lifts-tech-a2-milk-recall-shock-accent-group-all-time-lows:88e960386e503796,2026-05-04T08:24:17+00:00,2026-05-04T08:24:17+00:00,status_expire_candidate_after_approval,still_active_from_prior_high_confidence_expire_manifest,no,not_selected
378,active_fanout_0005,fanout_0005,WIN MEDALS,observed_fact,ACCENT GROUP's EBIT for the second half has been decreased by $7 million,active,0.82,0.62,commentary:youtube_transcript,youtube_transcript:asx-daily-rundown-atlassian-lifts-tech-a2-milk-recall-shock-accent-group-all-time-lows:88e960386e503796,2026-05-04T08:24:17+00:00,2026-05-04T08:24:17+00:00,status_expire_candidate_after_approval,still_active_from_prior_high_confidence_expire_manifest,no,not_selected
379,active_fanout_0005,fanout_0005,AXEN GROUP,observed_fact,ACCENT GROUP's EBIT for the second half has been decreased by $7 million,active,0.82,0.62,commentary:youtube_transcript,youtube_transcript:asx-daily-rundown-atlassian-lifts-tech-a2-milk-recall-shock-accent-group-all-time-lows:88e960386e503796,2026-05-04T08:24:17+00:00,2026-05-04T08:24:17+00:00,status_expire_candidate_after_approval,still_active_from_prior_high_confidence_expire_manifest,no,not_selected
380,active_fanout_0005,fanout_0005,STRICKLAND METALS,observed_fact,ACCENT GROUP's EBIT for the second half has been decreased by $7 million,active,0.82,0.62,commentary:youtube_transcript,youtube_transcript:asx-daily-rundown-atlassian-lifts-tech-a2-milk-recall-shock-accent-group-all-time-lows:88e960386e503796,2026-05-04T08:24:17+00:00,2026-05-04T08:24:17+00:00,status_expire_candidate_after_approval,still_active_from_prior_high_confidence_expire_manifest,no,not_selected
381,active_fanout_0005,fanout_0005,LION TOWN,observed_fact,ACCENT GROUP's EBIT for the second half has been decreased by $7 million,active,0.82,0.62,commentary:youtube_transcript,youtube_transcript:asx-daily-rundown-atlassian-lifts-tech-a2-milk-recall-shock-accent-group-all-time-lows:88e960386e503796,2026-05-04T08:24:18+00:00,2026-05-04T08:24:18+00:00,status_expire_candidate_after_approval,still_active_from_prior_high_confidence_expire_manifest,no,not_selected
382,active_fanout_0005,fanout_0005,IMRO,observed_fact,ACCENT GROUP's EBIT for the second half has been decreased by $7 million,active,0.82,0.62,commentary:youtube_transcript,youtube_transcript:asx-daily-rundown-atlassian-lifts-tech-a2-milk-recall-shock-accent-group-all-time-lows:88e960386e503796,2026-05-04T08:24:18+00:00,2026-05-04T08:24:18+00:00,status_expire_candidate_after_approval,still_active_from_prior_high_confidence_expire_manifest,no,not_selected
383,active_fanout_0005,fanout_0005,PENINSULA,observed_fact,ACCENT GROUP's EBIT for the second half has been decreased by $7 million,active,0.82,0.62,commentary:youtube_transcript,youtube_transcript:asx-daily-rundown-atlassian-lifts-tech-a2-milk-recall-shock-accent-group-all-time-lows:88e960386e503796,2026-05-04T08:24:18+00:00,2026-05-04T08:24:18+00:00,status_expire_candidate_after_approval,still_active_from_prior_high_confidence_expire_manifest,no,not_selected
384,active_fanout_0005,fanout_0005,BRAIN CHIP,observed_fact,ACCENT GROUP's EBIT for the second half has been decreased by $7 million,active,0.82,0.62,commentary:youtube_transcript,youtube_transcript:asx-daily-rundown-atlassian-lifts-tech-a2-milk-recall-shock-accent-group-all-time-lows:88e960386e503796,2026-05-04T08:24:18+00:00,2026-05-04T08:24:18+00:00,status_expire_candidate_after_approval,still_active_from_prior_high_confidence_expire_manifest,no,not_selected
385,active_fanout_0005,fanout_0005,VERITUS,observed_fact,ACCENT GROUP's EBIT for the second half has been decreased by $7 million,active,0.82,0.62,commentary:youtube_transcript,youtube_transcript:asx-daily-rundown-atlassian-lifts-tech-a2-milk-recall-shock-accent-group-all-time-lows:88e960386e503796,2026-05-04T08:24:18+00:00,2026-05-04T08:24:18+00:00,status_expire_candidate_after_approval,still_active_from_prior_high_confidence_expire_manifest,no,not_selected
386,active_fanout_0005,fanout_0005,PETTIMED,observed_fact,ACCENT GROUP's EBIT for the second half has been decreased by $7 million,active,0.82,0.62,commentary:youtube_transcript,youtube_transcript:asx-daily-rundown-atlassian-lifts-tech-a2-milk-recall-shock-accent-group-all-time-lows:88e960386e503796,2026-05-04T08:24:18+00:00,2026-05-04T08:24:18+00:00,status_expire_candidate_after_approval,still_active_from_prior_high_confidence_expire_manifest,no,not_selected
387,active_fanout_0005,fanout_0005,IMPEDIMED,observed_fact,ACCENT GROUP's EBIT for the second half has been decreased by $7 million,active,0.82,0.62,commentary:youtube_transcript,youtube_transcript:asx-daily-rundown-atlassian-lifts-tech-a2-milk-recall-shock-accent-group-all-time-lows:88e960386e503796,2026-05-04T08:24:18+00:00,2026-05-04T08:24:18+00:00,status_expire_candidate_after_approval,still_active_from_prior_high_confidence_expire_manifest,no,not_selected
388,active_fanout_0005,fanout_0005,INDE,observed_fact,ACCENT GROUP's EBIT for the second half has been decreased by $7 million,active,0.82,0.62,commentary:youtube_transcript,youtube_transcript:asx-daily-rundown-atlassian-lifts-tech-a2-milk-recall-shock-accent-group-all-time-lows:88e960386e503796,2026-05-04T08:24:18+00:00,2026-05-04T08:24:18+00:00,status_expire_candidate_after_approval,still_active_from_prior_high_confidence_expire_manifest,no,not_selected
389,active_fanout_0005,fanout_0005,PETT,observed_fact,ACCENT GROUP's EBIT for the second half has been decreased by $7 million,active,0.82,0.62,commentary:youtube_transcript,youtube_transcript:asx-daily-rundown-atlassian-lifts-tech-a2-milk-recall-shock-accent-group-all-time-lows:88e960386e503796,2026-05-04T08:24:18+00:00,2026-05-04T08:24:18+00:00,status_expire_candidate_after_approval,still_active_from_prior_high_confidence_expire_manifest,no,not_selected
390,active_fanout_0005,fanout_0005,C79,observed_fact,ACCENT GROUP's EBIT for the second half has been decreased by $7 million,active,0.82,0.62,commentary:youtube_transcript,youtube_transcript:asx-daily-rundown-atlassian-lifts-tech-a2-milk-recall-shock-accent-group-all-time-lows:88e960386e503796,2026-05-04T08:24:19+00:00,2026-05-04T08:24:19+00:00,status_expire_candidate_after_approval,still_active_from_prior_high_confidence_expire_manifest,no,not_selected
391,active_fanout_0005,fanout_0005,A2M,observed_fact,ACCENT GROUP's EBIT for the second half has been decreased by $7 million,active,0.82,0.62,commentary:youtube_transcript,youtube_transcript:asx-daily-rundown-atlassian-lifts-tech-a2-milk-recall-shock-accent-group-all-time-lows:88e960386e503796,2026-05-04T08:24:19+00:00,2026-05-04T08:24:19+00:00,status_expire_candidate_after_approval,still_active_from_prior_high_confidence_expire_manifest,no,not_selected
871,active_fanout_0005,fanout_0005,END,observed_fact,ACCENT GROUP's EBIT for the second half has been decreased by $7 million,active,0.82,0.62,commentary:youtube_transcript,youtube_transcript:asx-daily-rundown-atlassian-lifts-tech-a2-milk-recall-shock-accent-group-all-time-lows:88e960386e503796,2026-05-04T08:25:55+00:00,2026-05-04T08:25:55+00:00,status_expire_candidate_after_approval,still_active_from_prior_high_confidence_expire_manifest,no,not_selected
872,active_fanout_0005,fanout_0005,COH,observed_fact,ACCENT GROUP's EBIT for the second half has been decreased by $7 million,active,0.82,0.62,commentary:youtube_transcript,youtube_transcript:asx-daily-rundown-atlassian-lifts-tech-a2-milk-recall-shock-accent-group-all-time-lows:88e960386e503796,2026-05-04T08:25:56+00:00,2026-05-04T08:25:56+00:00,status_expire_candidate_after_approval,still_active_from_prior_high_confidence_expire_manifest,no,not_selected
873,active_fanout_0005,fanout_0005,WES,observed_fact,ACCENT GROUP's EBIT for the second half has been decreased by $7 million,active,0.82,0.62,commentary:youtube_transcript,youtube_transcript:asx-daily-rundown-atlassian-lifts-tech-a2-milk-recall-shock-accent-group-all-time-lows:88e960386e503796,2026-05-04T08:25:56+00:00,2026-05-04T08:25:56+00:00,status_expire_candidate_after_approval,still_active_from_prior_high_confidence_expire_manifest,no,not_selected
874,active_fanout_0005,fanout_0005,WBC,observed_fact,ACCENT GROUP's EBIT for the second half has been decreased by $7 million,active,0.82,0.62,commentary:youtube_transcript,youtube_transcript:asx-daily-rundown-atlassian-lifts-tech-a2-milk-recall-shock-accent-group-all-time-lows:88e960386e503796,2026-05-04T08:25:56+00:00,2026-05-04T08:25:56+00:00,status_expire_candidate_after_approval,still_active_from_prior_high_confidence_expire_manifest,no,not_selected
875,active_fanout_0005,fanout_0005,KEY,observed_fact,ACCENT GROUP's EBIT for the second half has been decreased by $7 million,active,0.82,0.62,commentary:youtube_transcript,youtube_transcript:asx-daily-rundown-atlassian-lifts-tech-a2-milk-recall-shock-accent-group-all-time-lows:88e960386e503796,2026-05-04T08:25:56+00:00,2026-05-04T08:25:56+00:00,status_expire_candidate_after_approval,still_active_from_prior_high_confidence_expire_manifest,no,not_selected
876,active_fanout_0005,fanout_0005,GCM,observed_fact,ACCENT GROUP's EBIT for the second half has been decreased by $7 million,active,0.82,0.62,commentary:youtube_transcript,youtube_transcript:asx-daily-rundown-atlassian-lifts-tech-a2-milk-recall-shock-accent-group-all-time-lows:88e960386e503796,2026-05-04T08:25:56+00:00,2026-05-04T08:25:56+00:00,status_expire_candidate_after_approval,still_active_from_prior_high_confidence_expire_manifest,no,not_selected
877,active_fanout_0005,fanout_0005,MAR,observed_fact,ACCENT GROUP's EBIT for the second half has been decreased by $7 million,active,0.82,0.62,commentary:youtube_transcript,youtube_transcript:asx-daily-rundown-atlassian-lifts-tech-a2-milk-recall-shock-accent-group-all-time-lows:88e960386e503796,2026-05-04T08:25:56+00:00,2026-05-04T08:25:56+00:00,status_expire_candidate_after_approval,still_active_from_prior_high_confidence_expire_manifest,no,not_selected
878,active_fanout_0005,fanout_0005,CLT,observed_fact,ACCENT GROUP's EBIT for the second half has been decreased by $7 million,active,0.82,0.62,commentary:youtube_transcript,youtube_transcript:asx-daily-rundown-atlassian-lifts-tech-a2-milk-recall-shock-accent-group-all-time-lows:88e960386e503796,2026-05-04T08:25:57+00:00,2026-05-04T08:25:57+00:00,status_expire_candidate_after_approval,still_active_from_prior_high_confidence_expire_manifest,no,not_selected
879,active_fanout_0005,fanout_0005,WIN,observed_fact,ACCENT GROUP's EBIT for the second half has been decreased by $7 million,active,0.82,0.62,commentary:youtube_transcript,youtube_transcript:asx-daily-rundown-atlassian-lifts-tech-a2-milk-recall-shock-accent-group-all-time-lows:88e960386e503796,2026-05-04T08:25:57+00:00,2026-05-04T08:25:57+00:00,status_expire_candidate_after_approval,still_active_from_prior_high_confidence_expire_manifest,no,not_selected
880,active_fanout_0005,fanout_0005,SKT,observed_fact,ACCENT GROUP's EBIT for the second half has been decreased by $7 million,active,0.82,0.62,commentary:youtube_transcript,youtube_transcript:asx-daily-rundown-atlassian-lifts-tech-a2-milk-recall-shock-accent-group-all-time-lows:88e960386e503796,2026-05-04T08:25:57+00:00,2026-05-04T08:25:57+00:00,status_expire_candidate_after_approval,still_active_from_prior_high_confidence_expire_manifest,no,not_selected
881,active_fanout_0005,fanout_0005,VCE,observed_fact,ACCENT GROUP's EBIT for the second half has been decreased by $7 million,active,0.82,0.62,commentary:youtube_transcript,youtube_transcript:asx-daily-rundown-atlassian-lifts-tech-a2-milk-recall-shock-accent-group-all-time-lows:88e960386e503796,2026-05-04T08:25:57+00:00,2026-05-04T08:25:57+00:00,status_expire_candidate_after_approval,still_active_from_prior_high_confidence_expire_manifest,no,not_selected
882,active_fanout_0005,fanout_0005,SNW,observed_fact,ACCENT GROUP's EBIT for the second half has been decreased by $7 million,active,0.82,0.62,commentary:youtube_transcript,youtube_transcript:asx-daily-rundown-atlassian-lifts-tech-a2-milk-recall-shock-accent-group-all-time-lows:88e960386e503796,2026-05-04T08:25:58+00:00,2026-05-04T08:25:58+00:00,status_expire_candidate_after_approval,still_active_from_prior_high_confidence_expire_manifest,no,not_selected
883,active_fanout_0005,fanout_0005,LON,observed_fact,ACCENT GROUP's EBIT for the second half has been decreased by $7 million,active,0.82,0.62,commentary:youtube_transcript,youtube_transcript:asx-daily-rundown-atlassian-lifts-tech-a2-milk-recall-shock-accent-group-all-time-lows:88e960386e503796,2026-05-04T08:25:58+00:00,2026-05-04T08:25:58+00:00,status_expire_candidate_after_approval,still_active_from_prior_high_confidence_expire_manifest,no,not_selected
884,active_fanout_0005,fanout_0005,PET,observed_fact,ACCENT GROUP's EBIT for the second half has been decreased by $7 million,active,0.82,0.62,commentary:youtube_transcript,youtube_transcript:asx-daily-rundown-atlassian-lifts-tech-a2-milk-recall-shock-accent-group-all-time-lows:88e960386e503796,2026-05-04T08:25:58+00:00,2026-05-04T08:25:58+00:00,status_expire_candidate_after_approval,still_active_from_prior_high_confidence_expire_manifest,no,not_selected
885,active_fanout_0005,fanout_0005,STK,observed_fact,ACCENT GROUP's EBIT for the second half has been decreased by $7 million,active,0.82,0.62,commentary:youtube_transcript,youtube_transcript:asx-daily-rundown-atlassian-lifts-tech-a2-milk-recall-shock-accent-group-all-time-lows:88e960386e503796,2026-05-04T08:25:58+00:00,2026-05-04T08:25:58+00:00,status_expire_candidate_after_approval,still_active_from_prior_high_confidence_expire_manifest,no,not_selected
1729,active_fanout_0005,fanout_0005,ENDV,observed_fact,ACCENT GROUP's EBIT for the second half has been decreased by $7 million,active,0.82,0.62,commentary:youtube_transcript,youtube_transcript:asx-daily-rundown-atlassian-lifts-tech-a2-milk-recall-shock-accent-group-all-time-lows:88e960386e503796,2026-05-05T04:20:20+00:00,2026-05-05T04:20:20+00:00,status_expire_candidate_after_approval,still_active_from_prior_high_confidence_expire_manifest,no,not_selected
1730,active_fanout_0005,fanout_0005,KEYP,observed_fact,ACCENT GROUP's EBIT for the second half has been decreased by $7 million,active,0.82,0.62,commentary:youtube_transcript,youtube_transcript:asx-daily-rundown-atlassian-lifts-tech-a2-milk-recall-shock-accent-group-all-time-lows:88e960386e503796,2026-05-05T04:20:23+00:00,2026-05-05T04:20:23+00:00,status_expire_candidate_after_approval,still_active_from_prior_high_confidence_expire_manifest,no,not_selected
1731,active_fanout_0005,fanout_0005,GCMC,observed_fact,ACCENT GROUP's EBIT for the second half has been decreased by $7 million,active,0.82,0.62,commentary:youtube_transcript,youtube_transcript:asx-daily-rundown-atlassian-lifts-tech-a2-milk-recall-shock-accent-group-all-time-lows:88e960386e503796,2026-05-05T04:20:23+00:00,2026-05-05T04:20:23+00:00,status_expire_candidate_after_approval,still_active_from_prior_high_confidence_expire_manifest,no,not_selected
1732,active_fanout_0005,fanout_0005,MARINO,observed_fact,ACCENT GROUP's EBIT for the second half has been decreased by $7 million,active,0.82,0.62,commentary:youtube_transcript,youtube_transcript:asx-daily-rundown-atlassian-lifts-tech-a2-milk-recall-shock-accent-group-all-time-lows:88e960386e503796,2026-05-05T04:20:23+00:00,2026-05-05T04:20:23+00:00,status_expire_candidate_after_approval,still_active_from_prior_high_confidence_expire_manifest,no,not_selected
1733,active_fanout_0005,fanout_0005,CLAR,observed_fact,ACCENT GROUP's EBIT for the second half has been decreased by $7 million,active,0.82,0.62,commentary:youtube_transcript,youtube_transcript:asx-daily-rundown-atlassian-lifts-tech-a2-milk-recall-shock-accent-group-all-time-lows:88e960386e503796,2026-05-05T04:20:24+00:00,2026-05-05T04:20:24+00:00,status_expire_candidate_after_approval,still_active_from_prior_high_confidence_expire_manifest,no,not_selected
1734,active_fanout_0005,fanout_0005,LIVN,observed_fact,ACCENT GROUP's EBIT for the second half has been decreased by $7 million,active,0.82,0.62,commentary:youtube_transcript,youtube_transcript:asx-daily-rundown-atlassian-lifts-tech-a2-milk-recall-shock-accent-group-all-time-lows:88e960386e503796,2026-05-05T04:20:24+00:00,2026-05-05T04:20:24+00:00,status_expire_candidate_after_approval,still_active_from_prior_high_confidence_expire_manifest,no,not_selected
1735,active_fanout_0005,fanout_0005,SN,observed_fact,ACCENT GROUP's EBIT for the second half has been decreased by $7 million,active,0.82,0.62,commentary:youtube_transcript,youtube_transcript:asx-daily-rundown-atlassian-lifts-tech-a2-milk-recall-shock-accent-group-all-time-lows:88e960386e503796,2026-05-05T04:20:26+00:00,2026-05-05T04:20:26+00:00,status_expire_candidate_after_approval,still_active_from_prior_high_confidence_expire_manifest,no,not_selected
1736,active_fanout_0005,fanout_0005,LION,observed_fact,ACCENT GROUP's EBIT for the second half has been decreased by $7 million,active,0.82,0.62,commentary:youtube_transcript,youtube_transcript:asx-daily-rundown-atlassian-lifts-tech-a2-milk-recall-shock-accent-group-all-time-lows:88e960386e503796,2026-05-05T04:20:26+00:00,2026-05-05T04:20:26+00:00,status_expire_candidate_after_approval,still_active_from_prior_high_confidence_expire_manifest,no,not_selected
339,active_fanout_0006,fanout_0006,ASX,observed_fact,ACCENT GROUP's share price is down 12.9% after a downgrade announcement,active,0.83,0.71,commentary:youtube_transcript,youtube_transcript:asx-daily-rundown-atlassian-lifts-tech-a2-milk-recall-shock-accent-group-all-time-lows:88e960386e503796,2026-05-04T08:24:11+00:00,2026-05-04T08:24:11+00:00,status_expire_candidate_after_approval,still_active_from_prior_high_confidence_expire_manifest,no,not_selected
340,active_fanout_0006,fanout_0006,TXT,observed_fact,ACCENT GROUP's share price is down 12.9% after a downgrade announcement,active,0.83,0.71,commentary:youtube_transcript,youtube_transcript:asx-daily-rundown-atlassian-lifts-tech-a2-milk-recall-shock-accent-group-all-time-lows:88e960386e503796,2026-05-04T08:24:11+00:00,2026-05-04T08:24:11+00:00,status_expire_candidate_after_approval,still_active_from_prior_high_confidence_expire_manifest,no,not_selected
341,active_fanout_0006,fanout_0006,XTX,observed_fact,ACCENT GROUP's share price is down 12.9% after a downgrade announcement,active,0.83,0.71,commentary:youtube_transcript,youtube_transcript:asx-daily-rundown-atlassian-lifts-tech-a2-milk-recall-shock-accent-group-all-time-lows:88e960386e503796,2026-05-04T08:24:12+00:00,2026-05-04T08:24:12+00:00,status_expire_candidate_after_approval,still_active_from_prior_high_confidence_expire_manifest,no,not_selected
342,active_fanout_0006,fanout_0006,A2 MILK,observed_fact,ACCENT GROUP's share price is down 12.9% after a downgrade announcement,active,0.83,0.71,commentary:youtube_transcript,youtube_transcript:asx-daily-rundown-atlassian-lifts-tech-a2-milk-recall-shock-accent-group-all-time-lows:88e960386e503796,2026-05-04T08:24:13+00:00,2026-05-04T08:24:13+00:00,status_expire_candidate_after_approval,still_active_from_prior_high_confidence_expire_manifest,no,not_selected
343,active_fanout_0006,fanout_0006,ENDEAVOR GROUP,observed_fact,ACCENT GROUP's share price is down 12.9% after a downgrade announcement,active,0.83,0.71,commentary:youtube_transcript,youtube_transcript:asx-daily-rundown-atlassian-lifts-tech-a2-milk-recall-shock-accent-group-all-time-lows:88e960386e503796,2026-05-04T08:24:13+00:00,2026-05-04T08:24:13+00:00,status_expire_candidate_after_approval,still_active_from_prior_high_confidence_expire_manifest,no,not_selected
344,active_fanout_0006,fanout_0006,ATLASSIAN,observed_fact,ACCENT GROUP's share price is down 12.9% after a downgrade announcement,active,0.83,0.71,commentary:youtube_transcript,youtube_transcript:asx-daily-rundown-atlassian-lifts-tech-a2-milk-recall-shock-accent-group-all-time-lows:88e960386e503796,2026-05-04T08:24:13+00:00,2026-05-04T08:24:13+00:00,status_expire_candidate_after_approval,still_active_from_prior_high_confidence_expire_manifest,no,not_selected
345,active_fanout_0006,fanout_0006,NAB,observed_fact,ACCENT GROUP's share price is down 12.9% after a downgrade announcement,active,0.83,0.71,commentary:youtube_transcript,youtube_transcript:asx-daily-rundown-atlassian-lifts-tech-a2-milk-recall-shock-accent-group-all-time-lows:88e960386e503796,2026-05-04T08:24:13+00:00,2026-05-04T08:24:13+00:00,status_expire_candidate_after_approval,still_active_from_prior_high_confidence_expire_manifest,no,not_selected
346,active_fanout_0006,fanout_0006,BHP,observed_fact,ACCENT GROUP's share price is down 12.9% after a downgrade announcement,active,0.83,0.71,commentary:youtube_transcript,youtube_transcript:asx-daily-rundown-atlassian-lifts-tech-a2-milk-recall-shock-accent-group-all-time-lows:88e960386e503796,2026-05-04T08:24:13+00:00,2026-05-04T08:24:13+00:00,status_expire_candidate_after_approval,still_active_from_prior_high_confidence_expire_manifest,no,not_selected
347,active_fanout_0006,fanout_0006,KEY PETROLEUM,observed_fact,ACCENT GROUP's share price is down 12.9% after a downgrade announcement,active,0.83,0.71,commentary:youtube_transcript,youtube_transcript:asx-daily-rundown-atlassian-lifts-tech-a2-milk-recall-shock-accent-group-all-time-lows:88e960386e503796,2026-05-04T08:24:13+00:00,2026-05-04T08:24:13+00:00,status_expire_candidate_after_approval,still_active_from_prior_high_confidence_expire_manifest,no,not_selected
348,active_fanout_0006,fanout_0006,GCM CORPORATION,observed_fact,ACCENT GROUP's share price is down 12.9% after a downgrade announcement,active,0.83,0.71,commentary:youtube_transcript,youtube_transcript:asx-daily-rundown-atlassian-lifts-tech-a2-milk-recall-shock-accent-group-all-time-lows:88e960386e503796,2026-05-04T08:24:13+00:00,2026-05-04T08:24:13+00:00,status_expire_candidate_after_approval,still_active_from_prior_high_confidence_expire_manifest,no,not_selected
349,active_fanout_0006,fanout_0006,MARINO AND CO,observed_fact,ACCENT GROUP's share price is down 12.9% after a downgrade announcement,active,0.83,0.71,commentary:youtube_transcript,youtube_transcript:asx-daily-rundown-atlassian-lifts-tech-a2-milk-recall-shock-accent-group-all-time-lows:88e960386e503796,2026-05-04T08:24:13+00:00,2026-05-04T08:24:13+00:00,status_expire_candidate_after_approval,still_active_from_prior_high_confidence_expire_manifest,no,not_selected
350,active_fanout_0006,fanout_0006,CLARITY,observed_fact,ACCENT GROUP's share price is down 12.9% after a downgrade announcement,active,0.83,0.71,commentary:youtube_transcript,youtube_transcript:asx-daily-rundown-atlassian-lifts-tech-a2-milk-recall-shock-accent-group-all-time-lows:88e960386e503796,2026-05-04T08:24:13+00:00,2026-05-04T08:24:13+00:00,status_expire_candidate_after_approval,still_active_from_prior_high_confidence_expire_manifest,no,not_selected
351,active_fanout_0006,fanout_0006,WIN MEDALS,observed_fact,ACCENT GROUP's share price is down 12.9% after a downgrade announcement,active,0.83,0.71,commentary:youtube_transcript,youtube_transcript:asx-daily-rundown-atlassian-lifts-tech-a2-milk-recall-shock-accent-group-all-time-lows:88e960386e503796,2026-05-04T08:24:13+00:00,2026-05-04T08:24:13+00:00,status_expire_candidate_after_approval,still_active_from_prior_high_confidence_expire_manifest,no,not_selected
352,active_fanout_0006,fanout_0006,AXEN GROUP,observed_fact,ACCENT GROUP's share price is down 12.9% after a downgrade announcement,active,0.83,0.71,commentary:youtube_transcript,youtube_transcript:asx-daily-rundown-atlassian-lifts-tech-a2-milk-recall-shock-accent-group-all-time-lows:88e960386e503796,2026-05-04T08:24:13+00:00,2026-05-04T08:24:13+00:00,status_expire_candidate_after_approval,still_active_from_prior_high_confidence_expire_manifest,no,not_selected
353,active_fanout_0006,fanout_0006,STRICKLAND METALS,observed_fact,ACCENT GROUP's share price is down 12.9% after a downgrade announcement,active,0.83,0.71,commentary:youtube_transcript,youtube_transcript:asx-daily-rundown-atlassian-lifts-tech-a2-milk-recall-shock-accent-group-all-time-lows:88e960386e503796,2026-05-04T08:24:13+00:00,2026-05-04T08:24:13+00:00,status_expire_candidate_after_approval,still_active_from_prior_high_confidence_expire_manifest,no,not_selected
354,active_fanout_0006,fanout_0006,LION TOWN,observed_fact,ACCENT GROUP's share price is down 12.9% after a downgrade announcement,active,0.83,0.71,commentary:youtube_transcript,youtube_transcript:asx-daily-rundown-atlassian-lifts-tech-a2-milk-recall-shock-accent-group-all-time-lows:88e960386e503796,2026-05-04T08:24:14+00:00,2026-05-04T08:24:14+00:00,status_expire_candidate_after_approval,still_active_from_prior_high_confidence_expire_manifest,no,not_selected
355,active_fanout_0006,fanout_0006,IMRO,observed_fact,ACCENT GROUP's share price is down 12.9% after a downgrade announcement,active,0.83,0.71,commentary:youtube_transcript,youtube_transcript:asx-daily-rundown-atlassian-lifts-tech-a2-milk-recall-shock-accent-group-all-time-lows:88e960386e503796,2026-05-04T08:24:14+00:00,2026-05-04T08:24:14+00:00,status_expire_candidate_after_approval,still_active_from_prior_high_confidence_expire_manifest,no,not_selected
356,active_fanout_0006,fanout_0006,PENINSULA,observed_fact,ACCENT GROUP's share price is down 12.9% after a downgrade announcement,active,0.83,0.71,commentary:youtube_transcript,youtube_transcript:asx-daily-rundown-atlassian-lifts-tech-a2-milk-recall-shock-accent-group-all-time-lows:88e960386e503796,2026-05-04T08:24:14+00:00,2026-05-04T08:24:14+00:00,status_expire_candidate_after_approval,still_active_from_prior_high_confidence_expire_manifest,no,not_selected
357,active_fanout_0006,fanout_0006,BRAIN CHIP,observed_fact,ACCENT GROUP's share price is down 12.9% after a downgrade announcement,active,0.83,0.71,commentary:youtube_transcript,youtube_transcript:asx-daily-rundown-atlassian-lifts-tech-a2-milk-recall-shock-accent-group-all-time-lows:88e960386e503796,2026-05-04T08:24:14+00:00,2026-05-04T08:24:14+00:00,status_expire_candidate_after_approval,still_active_from_prior_high_confidence_expire_manifest,no,not_selected
358,active_fanout_0006,fanout_0006,VERITUS,observed_fact,ACCENT GROUP's share price is down 12.9% after a downgrade announcement,active,0.83,0.71,commentary:youtube_transcript,youtube_transcript:asx-daily-rundown-atlassian-lifts-tech-a2-milk-recall-shock-accent-group-all-time-lows:88e960386e503796,2026-05-04T08:24:14+00:00,2026-05-04T08:24:14+00:00,status_expire_candidate_after_approval,still_active_from_prior_high_confidence_expire_manifest,no,not_selected
359,active_fanout_0006,fanout_0006,PETTIMED,observed_fact,ACCENT GROUP's share price is down 12.9% after a downgrade announcement,active,0.83,0.71,commentary:youtube_transcript,youtube_transcript:asx-daily-rundown-atlassian-lifts-tech-a2-milk-recall-shock-accent-group-all-time-lows:88e960386e503796,2026-05-04T08:24:14+00:00,2026-05-04T08:24:14+00:00,status_expire_candidate_after_approval,still_active_from_prior_high_confidence_expire_manifest,no,not_selected
360,active_fanout_0006,fanout_0006,IMPEDIMED,observed_fact,ACCENT GROUP's share price is down 12.9% after a downgrade announcement,active,0.83,0.71,commentary:youtube_transcript,youtube_transcript:asx-daily-rundown-atlassian-lifts-tech-a2-milk-recall-shock-accent-group-all-time-lows:88e960386e503796,2026-05-04T08:24:15+00:00,2026-05-04T08:24:15+00:00,status_expire_candidate_after_approval,still_active_from_prior_high_confidence_expire_manifest,no,not_selected
361,active_fanout_0006,fanout_0006,INDE,observed_fact,ACCENT GROUP's share price is down 12.9% after a downgrade announcement,active,0.83,0.71,commentary:youtube_transcript,youtube_transcript:asx-daily-rundown-atlassian-lifts-tech-a2-milk-recall-shock-accent-group-all-time-lows:88e960386e503796,2026-05-04T08:24:15+00:00,2026-05-04T08:24:15+00:00,status_expire_candidate_after_approval,still_active_from_prior_high_confidence_expire_manifest,no,not_selected
362,active_fanout_0006,fanout_0006,PETT,observed_fact,ACCENT GROUP's share price is down 12.9% after a downgrade announcement,active,0.83,0.71,commentary:youtube_transcript,youtube_transcript:asx-daily-rundown-atlassian-lifts-tech-a2-milk-recall-shock-accent-group-all-time-lows:88e960386e503796,2026-05-04T08:24:15+00:00,2026-05-04T08:24:15+00:00,status_expire_candidate_after_approval,still_active_from_prior_high_confidence_expire_manifest,no,not_selected
363,active_fanout_0006,fanout_0006,C79,observed_fact,ACCENT GROUP's share price is down 12.9% after a downgrade announcement,active,0.83,0.71,commentary:youtube_transcript,youtube_transcript:asx-daily-rundown-atlassian-lifts-tech-a2-milk-recall-shock-accent-group-all-time-lows:88e960386e503796,2026-05-04T08:24:15+00:00,2026-05-04T08:24:15+00:00,status_expire_candidate_after_approval,still_active_from_prior_high_confidence_expire_manifest,no,not_selected
364,active_fanout_0006,fanout_0006,A2M,observed_fact,ACCENT GROUP's share price is down 12.9% after a downgrade announcement,active,0.83,0.71,commentary:youtube_transcript,youtube_transcript:asx-daily-rundown-atlassian-lifts-tech-a2-milk-recall-shock-accent-group-all-time-lows:88e960386e503796,2026-05-04T08:24:15+00:00,2026-05-04T08:24:15+00:00,status_expire_candidate_after_approval,still_active_from_prior_high_confidence_expire_manifest,no,not_selected
856,active_fanout_0006,fanout_0006,END,observed_fact,ACCENT GROUP's share price is down 12.9% after a downgrade announcement,active,0.83,0.71,commentary:youtube_transcript,youtube_transcript:asx-daily-rundown-atlassian-lifts-tech-a2-milk-recall-shock-accent-group-all-time-lows:88e960386e503796,2026-05-04T08:25:51+00:00,2026-05-04T08:25:51+00:00,status_expire_candidate_after_approval,still_active_from_prior_high_confidence_expire_manifest,no,not_selected
857,active_fanout_0006,fanout_0006,COH,observed_fact,ACCENT GROUP's share price is down 12.9% after a downgrade announcement,active,0.83,0.71,commentary:youtube_transcript,youtube_transcript:asx-daily-rundown-atlassian-lifts-tech-a2-milk-recall-shock-accent-group-all-time-lows:88e960386e503796,2026-05-04T08:25:51+00:00,2026-05-04T08:25:51+00:00,status_expire_candidate_after_approval,still_active_from_prior_high_confidence_expire_manifest,no,not_selected
858,active_fanout_0006,fanout_0006,WES,observed_fact,ACCENT GROUP's share price is down 12.9% after a downgrade announcement,active,0.83,0.71,commentary:youtube_transcript,youtube_transcript:asx-daily-rundown-atlassian-lifts-tech-a2-milk-recall-shock-accent-group-all-time-lows:88e960386e503796,2026-05-04T08:25:51+00:00,2026-05-04T08:25:51+00:00,status_expire_candidate_after_approval,still_active_from_prior_high_confidence_expire_manifest,no,not_selected
859,active_fanout_0006,fanout_0006,WBC,observed_fact,ACCENT GROUP's share price is down 12.9% after a downgrade announcement,active,0.83,0.71,commentary:youtube_transcript,youtube_transcript:asx-daily-rundown-atlassian-lifts-tech-a2-milk-recall-shock-accent-group-all-time-lows:88e960386e503796,2026-05-04T08:25:51+00:00,2026-05-04T08:25:51+00:00,status_expire_candidate_after_approval,still_active_from_prior_high_confidence_expire_manifest,no,not_selected
860,active_fanout_0006,fanout_0006,KEY,observed_fact,ACCENT GROUP's share price is down 12.9% after a downgrade announcement,active,0.83,0.71,commentary:youtube_transcript,youtube_transcript:asx-daily-rundown-atlassian-lifts-tech-a2-milk-recall-shock-accent-group-all-time-lows:88e960386e503796,2026-05-04T08:25:52+00:00,2026-05-04T08:25:52+00:00,status_expire_candidate_after_approval,still_active_from_prior_high_confidence_expire_manifest,no,not_selected
861,active_fanout_0006,fanout_0006,GCM,observed_fact,ACCENT GROUP's share price is down 12.9% after a downgrade announcement,active,0.83,0.71,commentary:youtube_transcript,youtube_transcript:asx-daily-rundown-atlassian-lifts-tech-a2-milk-recall-shock-accent-group-all-time-lows:88e960386e503796,2026-05-04T08:25:53+00:00,2026-05-04T08:25:53+00:00,status_expire_candidate_after_approval,still_active_from_prior_high_confidence_expire_manifest,no,not_selected
862,active_fanout_0006,fanout_0006,MAR,observed_fact,ACCENT GROUP's share price is down 12.9% after a downgrade announcement,active,0.83,0.71,commentary:youtube_transcript,youtube_transcript:asx-daily-rundown-atlassian-lifts-tech-a2-milk-recall-shock-accent-group-all-time-lows:88e960386e503796,2026-05-04T08:25:53+00:00,2026-05-04T08:25:53+00:00,status_expire_candidate_after_approval,still_active_from_prior_high_confidence_expire_manifest,no,not_selected
863,active_fanout_0006,fanout_0006,CLT,observed_fact,ACCENT GROUP's share price is down 12.9% after a downgrade announcement,active,0.83,0.71,commentary:youtube_transcript,youtube_transcript:asx-daily-rundown-atlassian-lifts-tech-a2-milk-recall-shock-accent-group-all-time-lows:88e960386e503796,2026-05-04T08:25:53+00:00,2026-05-04T08:25:53+00:00,status_expire_candidate_after_approval,still_active_from_prior_high_confidence_expire_manifest,no,not_selected
864,active_fanout_0006,fanout_0006,WIN,observed_fact,ACCENT GROUP's share price is down 12.9% after a downgrade announcement,active,0.83,0.71,commentary:youtube_transcript,youtube_transcript:asx-daily-rundown-atlassian-lifts-tech-a2-milk-recall-shock-accent-group-all-time-lows:88e960386e503796,2026-05-04T08:25:53+00:00,2026-05-04T08:25:53+00:00,status_expire_candidate_after_approval,still_active_from_prior_high_confidence_expire_manifest,no,not_selected
865,active_fanout_0006,fanout_0006,SKT,observed_fact,ACCENT GROUP's share price is down 12.9% after a downgrade announcement,active,0.83,0.71,commentary:youtube_transcript,youtube_transcript:asx-daily-rundown-atlassian-lifts-tech-a2-milk-recall-shock-accent-group-all-time-lows:88e960386e503796,2026-05-04T08:25:53+00:00,2026-05-04T08:25:53+00:00,status_expire_candidate_after_approval,still_active_from_prior_high_confidence_expire_manifest,no,not_selected
866,active_fanout_0006,fanout_0006,VCE,observed_fact,ACCENT GROUP's share price is down 12.9% after a downgrade announcement,active,0.83,0.71,commentary:youtube_transcript,youtube_transcript:asx-daily-rundown-atlassian-lifts-tech-a2-milk-recall-shock-accent-group-all-time-lows:88e960386e503796,2026-05-04T08:25:53+00:00,2026-05-04T08:25:53+00:00,status_expire_candidate_after_approval,still_active_from_prior_high_confidence_expire_manifest,no,not_selected
867,active_fanout_0006,fanout_0006,SNW,observed_fact,ACCENT GROUP's share price is down 12.9% after a downgrade announcement,active,0.83,0.71,commentary:youtube_transcript,youtube_transcript:asx-daily-rundown-atlassian-lifts-tech-a2-milk-recall-shock-accent-group-all-time-lows:88e960386e503796,2026-05-04T08:25:53+00:00,2026-05-04T08:25:53+00:00,status_expire_candidate_after_approval,still_active_from_prior_high_confidence_expire_manifest,no,not_selected
868,active_fanout_0006,fanout_0006,LON,observed_fact,ACCENT GROUP's share price is down 12.9% after a downgrade announcement,active,0.83,0.71,commentary:youtube_transcript,youtube_transcript:asx-daily-rundown-atlassian-lifts-tech-a2-milk-recall-shock-accent-group-all-time-lows:88e960386e503796,2026-05-04T08:25:53+00:00,2026-05-04T08:25:53+00:00,status_expire_candidate_after_approval,still_active_from_prior_high_confidence_expire_manifest,no,not_selected
869,active_fanout_0006,fanout_0006,PET,observed_fact,ACCENT GROUP's share price is down 12.9% after a downgrade announcement,active,0.83,0.71,commentary:youtube_transcript,youtube_transcript:asx-daily-rundown-atlassian-lifts-tech-a2-milk-recall-shock-accent-group-all-time-lows:88e960386e503796,2026-05-04T08:25:53+00:00,2026-05-04T08:25:53+00:00,status_expire_candidate_after_approval,still_active_from_prior_high_confidence_expire_manifest,no,not_selected
870,active_fanout_0006,fanout_0006,STK,observed_fact,ACCENT GROUP's share price is down 12.9% after a downgrade announcement,active,0.83,0.71,commentary:youtube_transcript,youtube_transcript:asx-daily-rundown-atlassian-lifts-tech-a2-milk-recall-shock-accent-group-all-time-lows:88e960386e503796,2026-05-04T08:25:54+00:00,2026-05-04T08:25:54+00:00,status_expire_candidate_after_approval,still_active_from_prior_high_confidence_expire_manifest,no,not_selected
1721,active_fanout_0006,fanout_0006,ENDV,observed_fact,ACCENT GROUP's share price is down 12.9% after a downgrade announcement,active,0.83,0.71,commentary:youtube_transcript,youtube_transcript:asx-daily-rundown-atlassian-lifts-tech-a2-milk-recall-shock-accent-group-all-time-lows:88e960386e503796,2026-05-05T04:20:07+00:00,2026-05-05T04:20:07+00:00,status_expire_candidate_after_approval,still_active_from_prior_high_confidence_expire_manifest,no,not_selected
1722,active_fanout_0006,fanout_0006,KEYP,observed_fact,ACCENT GROUP's share price is down 12.9% after a downgrade announcement,active,0.83,0.71,commentary:youtube_transcript,youtube_transcript:asx-daily-rundown-atlassian-lifts-tech-a2-milk-recall-shock-accent-group-all-time-lows:88e960386e503796,2026-05-05T04:20:11+00:00,2026-05-05T04:20:11+00:00,status_expire_candidate_after_approval,still_active_from_prior_high_confidence_expire_manifest,no,not_selected
